baseline_mean_overall_l1,baseline_mean_overall_mae,baseline_mean_p90_age_l1_major,baseline_mean_p90_region_l1_major,baseline_mean_runtime_sec,baseline_mean_weighted_age_l1,baseline_mean_weighted_region_l1,baseline_mean_winner_correct,baseline_mean_worst_age_l1_major,baseline_mean_worst_region_l1_major,baseline_method,complexity_supported_basic,delta_mean_overall_l1,delta_mean_overall_mae,delta_mean_p90_age_l1_major,delta_mean_p90_region_l1_major,delta_mean_runtime_sec,delta_mean_weighted_age_l1,delta_mean_weighted_region_l1,delta_mean_winner_correct,delta_mean_worst_age_l1_major,delta_mean_worst_region_l1_major,epsilon,n_sample,neural_better_mean_overall_l1,neural_better_mean_overall_mae,neural_better_mean_p90_age_l1_major,neural_better_mean_p90_region_l1_major,neural_better_mean_runtime_sec,neural_better_mean_weighted_age_l1,neural_better_mean_weighted_region_l1,neural_better_mean_winner_correct,neural_better_mean_worst_age_l1_major,neural_better_mean_worst_region_l1_major,neural_mean_overall_l1,neural_mean_overall_mae,neural_mean_p90_age_l1_major,neural_mean_p90_region_l1_major,neural_mean_runtime_sec,neural_mean_weighted_age_l1,neural_mean_weighted_region_l1,neural_mean_winner_correct,neural_mean_worst_age_l1_major,neural_mean_worst_region_l1_major,neural_method,runtime_ratio_neural_vs_baseline,scenario,scenario_label
1.010512477149713,0.20210249542994257,1.47117296222664,1.2010178117048347,0.0012200959999972838,1.0105831676407382,0.9628894414568318,0.0,1.47117296222664,1.4057971014492752,baseline_rr_debias,1,-0.7744579760549806,-0.1548915952109961,-0.9756878598466212,-0.5619457026359592,0.013933389000158058,-0.648966301951804,-0.535278695918792,0.0,-0.9756878598466212,-0.6854813499266217,0.2,500,1,1,1,1,0,1,1,0,1,1,0.2360545010947323,0.04721090021894646,0.4954851023800188,0.6390721090688755,0.015153485000155342,0.36161686568893414,0.4276107455380398,0.0,0.4954851023800188,0.7203157515226535,neural_rr_mrp,12.41991203986332,no_bias,no_bias
0.1362523557722568,0.02725047115445136,0.3900525864087801,0.5725877446690536,0.0028971820001970627,0.2857430320620537,0.396549862408638,1.0,0.3900525864087801,0.7186299028562353,mrp_rr_poststrat,0,0.0998021453224755,0.0199604290644951,0.1054325159712387,0.06648436439982186,0.01225630299995828,0.07587383362688044,0.031060883129401806,-1.0,0.1054325159712387,0.0016858486664181882,0.2,500,0,0,0,0,0,0,0,0,0,0,0.2360545010947323,0.04721090021894646,0.4954851023800188,0.6390721090688755,0.015153485000155342,0.36161686568893414,0.4276107455380398,0.0,0.4954851023800188,0.7203157515226535,neural_rr_mrp,5.230422182356725,no_bias,no_bias
0.21355350896590292,0.04271070179318058,0.46329704984128184,0.633465232685814,0.002827409000019543,0.33138961369626474,0.42231143062077314,1.0,0.46329704984128184,0.9369843016151671,mrp_misreport_rr_poststrat,0,0.02250099212882939,0.004500198425765878,0.032188052538736966,0.005606876383061454,0.0123260760001358,0.0302272519926694,0.005299314917266651,-1.0,0.032188052538736966,-0.21666855009251362,0.2,500,0,0,0,0,0,0,0,0,0,1,0.2360545010947323,0.04721090021894646,0.4954851023800188,0.6390721090688755,0.015153485000155342,0.36161686568893414,0.4276107455380398,0.0,0.4954851023800188,0.7203157515226535,neural_rr_mrp,5.359495212772755,no_bias,no_bias
0.23135635369880395,0.04627127073976079,0.4831422216265372,0.6441149613377429,0.003433946000313881,0.34212387464071253,0.4290672627083072,0.0,0.4831422216265372,0.9507697037006129,mrp_learned_misreport_rr_poststrat,0,0.004698147395928359,0.0009396294791856677,0.012342880753481611,-0.00504285226886747,0.011719538999841461,0.01949299104822161,-0.0014565171702674018,0.0,0.012342880753481611,-0.2304539521779594,0.2,500,0,0,0,1,0,0,1,0,0,1,0.2360545010947323,0.04721090021894646,0.4954851023800188,0.6390721090688755,0.015153485000155342,0.36161686568893414,0.4276107455380398,0.0,0.4954851023800188,0.7203157515226535,neural_rr_mrp,4.412848949508883,no_bias,no_bias
0.6482152284445329,0.12964304568890658,1.0513374355210312,1.2979890310786106,0.0010651789998519234,0.8881859648342002,0.9246226294847195,0.0,1.0513374355210312,1.2979890310786106,baseline_rr_debias,1,-0.3986366036104927,-0.07972732072209854,-0.5853390784435841,-0.5294072999319543,0.01144546299974536,-0.5278785137269433,-0.4420020712788188,0.0,-0.5853390784435841,-0.3710266105007185,0.5,500,1,1,1,1,0,1,1,0,1,1,0.24957862483404022,0.049915724966808045,0.4659983570774471,0.7685817311466563,0.012510641999597283,0.360307451107257,0.4826205582059007,0.0,0.4659983570774471,0.9269624205778921,neural_rr_mrp,11.745107631052113,no_bias,no_bias
0.27787353110611435,0.05557470622122287,0.5077731520320041,0.7724277663155127,0.0031522579997727007,0.36704565596282485,0.4710506143480539,0.0,0.5077731520320041,0.9950579645480702,mrp_rr_poststrat,1,-0.028294906272074122,-0.005658981254414823,-0.04177479495455705,-0.0038460351688563987,0.009358383999824582,-0.006738204855567864,0.01156994385784682,0.0,-0.04177479495455705,-0.06809554397017803,0.5,500,1,1,1,1,0,1,0,0,1,1,0.24957862483404022,0.049915724966808045,0.4659983570774471,0.7685817311466563,0.012510641999597283,0.360307451107257,0.4826205582059007,0.0,0.4659983570774471,0.9269624205778921,neural_rr_mrp,3.968787453469667,no_bias,no_bias
0.21292016567845884,0.04258403313569177,0.46259706764643177,0.6328141053239654,0.003141937000236794,0.3313134438281433,0.42228461458308164,1.0,0.46259706764643177,0.9370815141194604,mrp_misreport_rr_poststrat,0,0.036658459155581385,0.007331691831116274,0.0034012894310153086,0.13576762582269086,0.009368704999360489,0.028994007279113665,0.06033594362281908,-1.0,0.0034012894310153086,-0.010119093541568258,0.5,500,0,0,0,0,0,0,0,0,0,1,0.24957862483404022,0.049915724966808045,0.4659983570774471,0.7685817311466563,0.012510641999597283,0.360307451107257,0.4826205582059007,0.0,0.4659983570774471,0.9269624205778921,neural_rr_mrp,3.98182458739765,no_bias,no_bias
0.23080563937178794,0.04616112787435759,0.4824566973452758,0.6439243275884529,0.003320542999972531,0.34197409499653364,0.42907699339912286,0.0,0.4824566973452758,0.9505861014574766,mrp_learned_misreport_rr_poststrat,0,0.018772985462252284,0.0037545970924504554,-0.01645834026782872,0.12465740355820343,0.009190098999624752,0.018333356110723342,0.053543564806777855,0.0,-0.01645834026782872,-0.02362368087958444,0.5,500,0,0,1,0,0,0,0,0,1,1,0.24957862483404022,0.049915724966808045,0.4659983570774471,0.7685817311466563,0.012510641999597283,0.360307451107257,0.4826205582059007,0.0,0.4659983570774471,0.9269624205778921,neural_rr_mrp,3.7676494476056406,no_bias,no_bias
0.37039068274773057,0.07407813654954612,1.0444104880201146,1.0570622011096,0.0011098720001427864,0.6931065581828102,0.7103187225310941,0.0,1.0444104880201146,1.2146118721461185,baseline_rr_debias,1,-0.1385808231265934,-0.027716164625318687,-0.5862198323037409,-0.3131508808475383,0.011057252999762568,-0.3464977715717085,-0.26154459159613647,0.0,-0.5862198323037409,-0.3786660604018496,1.0,500,1,1,1,1,0,1,1,0,1,1,0.23180985962113718,0.04636197192422743,0.4581906557163737,0.7439113202620617,0.012167124999905354,0.34660878661110167,0.4487741309349576,0.0,0.4581906557163737,0.835945811744269,neural_rr_mrp,10.962638032439811,no_bias,no_bias
0.22092495321929456,0.04418499064385891,0.45638564295084355,0.7212481150182627,0.0025435809998270997,0.31630754911601544,0.4123985826462507,0.0,0.45638564295084355,0.9186982890979492,mrp_rr_poststrat,0,0.010884906401842614,0.0021769812803685215,0.001805012765530134,0.022663205243799056,0.009623544000078255,0.03030123749508623,0.03637554828870693,0.0,0.001805012765530134,-0.08275247735368019,1.0,500,0,0,0,0,0,0,0,0,0,1,0.23180985962113718,0.04636197192422743,0.4581906557163737,0.7439113202620617,0.012167124999905354,0.34660878661110167,0.4487741309349576,0.0,0.4581906557163737,0.835945811744269,neural_rr_mrp,4.783462764005713,no_bias,no_bias
0.21201602073691872,0.042403204147383744,0.46189638980181896,0.6345404241267137,0.0030621429996244842,0.33074032147636245,0.422315553433321,0.0,0.46189638980181896,0.9354491232988184,mrp_misreport_rr_poststrat,0,0.019793838884218456,0.0039587677768436885,-0.003705734085445278,0.109370896135348,0.00910498200028087,0.015868465134739218,0.026458577501636604,0.0,-0.003705734085445278,-0.09950331155454939,1.0,500,0,0,1,0,0,0,0,0,1,1,0.23180985962113718,0.04636197192422743,0.4581906557163737,0.7439113202620617,0.012167124999905354,0.34660878661110167,0.4487741309349576,0.0,0.4581906557163737,0.835945811744269,neural_rr_mrp,3.9734019611094027,no_bias,no_bias
0.22980710767848084,0.04596142153569617,0.4815977104999853,0.6453794045692749,0.0033919480001713964,0.34164977623763026,0.42916258026133564,0.0,0.4815977104999853,0.9504066010395593,mrp_learned_misreport_rr_poststrat,0,0.002002751942656339,0.00040055038853126224,-0.023407054783611603,0.09853191569278685,0.008775176999733958,0.004959010373471406,0.01961155067362197,0.0,-0.023407054783611603,-0.11446078929529035,1.0,500,0,0,1,0,0,0,0,0,1,1,0.23180985962113718,0.04636197192422743,0.4581906557163737,0.7439113202620617,0.012167124999905354,0.34660878661110167,0.4487741309349576,0.0,0.4581906557163737,0.835945811744269,neural_rr_mrp,3.5870611811532918,no_bias,no_bias
0.061058821374832914,0.012211764274966582,0.4327795894333394,0.6789332703393675,0.0013790940001854324,0.24944533788274087,0.4519673107095237,1.0,0.4327795894333394,0.9151170363420185,baseline_rr_debias,0,0.028258270842782707,0.005651654168556541,-0.09844746442373942,-0.1267459485768625,0.01131635899992034,0.011761769797039523,-0.08001211751422649,0.0,-0.09844746442373942,-0.0974406365926912,2.0,500,0,0,1,1,0,0,1,0,1,1,0.08931709221761562,0.017863418443523123,0.33433212500959997,0.552187321762505,0.012695453000105772,0.2612071076797804,0.3719551931952972,1.0,0.33433212500959997,0.8176763997493273,neural_rr_mrp,9.205647329622742,no_bias,no_bias
0.0913068912982941,0.01826137825965882,0.37563248618578104,0.5776926036692259,0.0026306160002604884,0.2902291415512562,0.38377298615574834,0.0,0.37563248618578104,0.8335212201358164,mrp_rr_poststrat,1,-0.001989799080678478,-0.00039795981613569703,-0.04130036117618108,-0.025505281906720967,0.010064836999845284,-0.029022033871475783,-0.011817792960451157,1.0,-0.04130036117618108,-0.015844820386489156,2.0,500,1,1,1,1,0,1,1,1,1,1,0.08931709221761562,0.017863418443523123,0.33433212500959997,0.552187321762505,0.012695453000105772,0.2612071076797804,0.3719551931952972,1.0,0.33433212500959997,0.8176763997493273,neural_rr_mrp,4.826038083417969,no_bias,no_bias
0.2058283811661479,0.04116567623322958,0.4550696092702531,0.6291174369596678,0.002747388999978284,0.32562123299277324,0.4182724461865344,1.0,0.4550696092702531,0.9282189109896025,mrp_misreport_rr_poststrat,1,-0.11651128894853229,-0.023302257789706456,-0.12073748426065312,-0.07693011519716286,0.009948064000127488,-0.06441412531299284,-0.046317252991237234,0.0,-0.12073748426065312,-0.11054251124027525,2.0,500,1,1,1,1,0,1,1,0,1,1,0.08931709221761562,0.017863418443523123,0.33433212500959997,0.552187321762505,0.012695453000105772,0.2612071076797804,0.3719551931952972,1.0,0.33433212500959997,0.8176763997493273,neural_rr_mrp,4.620915713139318,no_bias,no_bias
0.22422826942567906,0.04484565388513581,0.475492118142418,0.6382684891666995,0.003285717999915505,0.33743673918241696,0.4253218151418399,1.0,0.475492118142418,0.9439319882503581,mrp_learned_misreport_rr_poststrat,1,-0.13491117720806345,-0.026982235441612688,-0.14115999313281802,-0.08608116740419458,0.009409735000190267,-0.07622963150263656,-0.053366621946542736,0.0,-0.14115999313281802,-0.1262555885010308,2.0,500,1,1,1,1,0,1,1,0,1,1,0.08931709221761562,0.017863418443523123,0.33433212500959997,0.552187321762505,0.012695453000105772,0.2612071076797804,0.3719551931952972,1.0,0.33433212500959997,0.8176763997493273,neural_rr_mrp,3.8638291540638137,no_bias,no_bias
0.6161261442484668,0.12322522884969336,1.3292965781403532,1.419847328244275,0.0010948029998871789,1.041378067171842,1.0560193457068945,0.0,1.3292965781403532,1.4546673906816727,baseline_rr_debias,1,-0.42426859264403755,-0.08485371852880752,-0.8970100596415305,-0.7473658151770751,0.012291424000068218,-0.7216691510623539,-0.641622752968152,0.0,-0.8970100596415305,-0.7174292430840228,0.2,1000,1,1,1,1,0,1,1,0,1,1,0.19185755160442924,0.03837151032088585,0.4322865184988227,0.6724815130671998,0.013386226999955397,0.3197089161094881,0.4143965927387426,0.0,0.4322865184988227,0.7372381475976499,neural_rr_mrp,12.227064596402155,no_bias,no_bias
0.07567722603082659,0.015135445206165318,0.42834697592685045,0.5593479169943071,0.0029244150000522495,0.2689724988758564,0.3814645838141441,1.0,0.42834697592685045,0.8036239942844539,mrp_rr_poststrat,0,0.11618032557360265,0.023236065114720532,0.003939542571972265,0.11313359607289275,0.010461811999903148,0.0507364172336317,0.032932008924598466,-1.0,0.003939542571972265,-0.06638584668680392,0.2,1000,0,0,0,0,0,0,0,0,0,1,0.19185755160442924,0.03837151032088585,0.4322865184988227,0.6724815130671998,0.013386226999955397,0.3197089161094881,0.4143965927387426,0.0,0.4322865184988227,0.7372381475976499,neural_rr_mrp,4.577403343819612,no_bias,no_bias
0.21364439327968668,0.04272887865593734,0.4634301054533044,0.6332745201567137,0.00368451600024855,0.33144753578929054,0.4223268278091776,1.0,0.4634301054533044,0.937246783198296,mrp_misreport_rr_poststrat,1,-0.021786841675257435,-0.004357368335051487,-0.03114358695448166,0.03920699291048613,0.009701710999706847,-0.011738619679802442,-0.007930235070434999,-1.0,-0.03114358695448166,-0.20000863560064608,0.2,1000,1,1,1,0,0,1,1,0,1,1,0.19185755160442924,0.03837151032088585,0.4322865184988227,0.6724815130671998,0.013386226999955397,0.3197089161094881,0.4143965927387426,0.0,0.4322865184988227,0.7372381475976499,neural_rr_mrp,3.633103235011706,no_bias,no_bias
0.231339392982146,0.0462678785964292,0.4831621789132267,0.6441018745936996,0.00801187100023526,0.3421525545236922,0.4291007832505509,0.0,0.4831621789132267,0.9509554592986704,mrp_learned_misreport_rr_poststrat,1,-0.039481841377716764,-0.007896368275543353,-0.050875660414404,0.028379638473500224,0.005374355999720137,-0.022443638414204103,-0.014704190511808324,0.0,-0.050875660414404,-0.21371731170102048,0.2,1000,1,1,1,0,0,1,1,0,1,1,0.19185755160442924,0.03837151032088585,0.4322865184988227,0.6724815130671998,0.013386226999955397,0.3197089161094881,0.4143965927387426,0.0,0.4322865184988227,0.7372381475976499,neural_rr_mrp,1.6707991179042105,no_bias,no_bias
0.5515884614595674,0.11031769229191349,1.1529921712979796,1.2276813588750861,0.001157619999958115,0.7481072624009037,0.8709259827020913,0.0,1.1529921712979796,1.6144913089362882,baseline_rr_debias,1,-0.26681909981686003,-0.053363819963372014,-0.6264820958385026,-0.45031367229545327,0.011009849999936705,-0.3491327246748649,-0.3757142347143462,0.0,-0.6264820958385026,-0.6636468507387907,0.5,1000,1,1,1,1,0,1,1,0,1,1,0.2847693616427074,0.056953872328541474,0.526510075459477,0.7773676865796328,0.01216746999989482,0.39897453772603886,0.49521174798774514,0.0,0.526510075459477,0.9508444581974975,neural_rr_mrp,10.510763463256565,no_bias,no_bias
0.23743550452589987,0.04748710090517998,0.4847122353481251,0.6326645757090996,0.0025913340000442986,0.35074442781209947,0.45158745684027674,0.0,0.4847122353481251,0.9320961916669805,mrp_rr_poststrat,0,0.047333857116807515,0.009466771423361497,0.04179784011135196,0.14470311087053322,0.009576135999850521,0.04823010991393939,0.04362429114746841,0.0,0.04179784011135196,0.018748266530516977,0.5,1000,0,0,0,0,0,0,0,0,0,0,0.2847693616427074,0.056953872328541474,0.526510075459477,0.7773676865796328,0.01216746999989482,0.39897453772603886,0.49521174798774514,0.0,0.526510075459477,0.9508444581974975,neural_rr_mrp,4.695446437891379,no_bias,no_bias
0.21408419693503877,0.042816839387007755,0.4637298015127007,0.6339132548797319,0.0028354149999358924,0.3317632434000975,0.42260652001988064,1.0,0.4637298015127007,0.9374669181909964,mrp_misreport_rr_poststrat,0,0.07068516470766861,0.01413703294153372,0.06278027394677632,0.1434544316999009,0.009332054999958928,0.06721129432594136,0.0726052279678645,-1.0,0.06278027394677632,0.013377540006501154,0.5,1000,0,0,0,0,0,0,0,0,0,0,0.2847693616427074,0.056953872328541474,0.526510075459477,0.7773676865796328,0.01216746999989482,0.39897453772603886,0.49521174798774514,0.0,0.526510075459477,0.9508444581974975,neural_rr_mrp,4.291248371109669,no_bias,no_bias
0.231138307390619,0.0462276614781238,0.48274147968283343,0.6438066861984224,0.003257673000007344,0.3421704487704058,0.42908844173814803,0.0,0.48274147968283343,0.9509268069879593,mrp_learned_misreport_rr_poststrat,0,0.05363105425208839,0.010726210850417674,0.043768595776643604,0.13356100038121044,0.008909796999887476,0.05680408895563305,0.06612330624959711,0.0,0.043768595776643604,-8.234879046176147e-05,0.5,1000,0,0,0,0,0,0,0,0,0,1,0.2847693616427074,0.056953872328541474,0.526510075459477,0.7773676865796328,0.01216746999989482,0.39897453772603886,0.49521174798774514,0.0,0.526510075459477,0.9508444581974975,neural_rr_mrp,3.73501883088554,no_bias,no_bias
0.1564918474042643,0.031298369480852864,0.7235393617742372,0.6984867543512405,0.0010545899999669928,0.5740434176755427,0.530895687320162,1.0,0.7235393617742372,1.047251335128866,baseline_rr_debias,0,0.12682926371732,0.025365852743464,-0.17927974918721012,0.0787325638138221,0.011590427000101045,-0.19981908762410677,-0.09080519445743646,-1.0,-0.17927974918721012,-0.26387678589240204,1.0,1000,0,0,1,0,0,1,1,0,1,1,0.2833211111215843,0.056664222224316864,0.544259612587027,0.7772193181650626,0.012645017000068037,0.3742243300514359,0.44009049286272556,0.0,0.544259612587027,0.7833745492364639,neural_rr_mrp,11.990457903511135,no_bias,no_bias
0.1561608529150486,0.03123217058300972,0.4146070177404979,0.6035269109292645,0.002404858999852877,0.29487923488020895,0.4057864222586155,0.0,0.4146070177404979,0.7786527951372499,mrp_rr_poststrat,0,0.1271602582065357,0.025432051641307143,0.12965259484652913,0.17369240723579815,0.01024015800021516,0.07934509517122695,0.03430407060411006,0.0,0.12965259484652913,0.004721754099213937,1.0,1000,0,0,0,0,0,0,0,0,0,0,0.2833211111215843,0.056664222224316864,0.544259612587027,0.7772193181650626,0.012645017000068037,0.3742243300514359,0.44009049286272556,0.0,0.544259612587027,0.7833745492364639,neural_rr_mrp,5.258111598576726,no_bias,no_bias
0.21321209931709686,0.04264241986341937,0.4632112531367987,0.6333398856625552,0.0029703200002586527,0.33094523206435816,0.4218820673110052,1.0,0.4632112531367987,0.9355423806218194,mrp_misreport_rr_poststrat,0,0.07010901180448745,0.014021802360897492,0.08104835945022837,0.14387943250250745,0.009674696999809385,0.04327909798707774,0.018208425551720364,-1.0,0.08104835945022837,-0.1521678313853555,1.0,1000,0,0,0,0,0,0,0,0,0,1,0.2833211111215843,0.056664222224316864,0.544259612587027,0.7772193181650626,0.012645017000068037,0.3742243300514359,0.44009049286272556,0.0,0.544259612587027,0.7833745492364639,neural_rr_mrp,4.257122801235867,no_bias,no_bias
0.2299854093120674,0.04599708186241348,0.48180771996735583,0.6437726881642303,0.002982184000302368,0.341272539780792,0.4283614454708676,0.0,0.48180771996735583,0.9494349242843012,mrp_learned_misreport_rr_poststrat,0,0.05333570180951691,0.01066714036190338,0.06245189261967121,0.13344663000083234,0.00966283299976567,0.03295179027064393,0.011729047391857983,0.0,0.06245189261967121,-0.16606037504783733,1.0,1000,0,0,0,0,0,0,0,0,0,1,0.2833211111215843,0.056664222224316864,0.544259612587027,0.7772193181650626,0.012645017000068037,0.3742243300514359,0.44009049286272556,0.0,0.544259612587027,0.7833745492364639,neural_rr_mrp,4.240186721807219,no_bias,no_bias
0.08415623499247651,0.0168312469984953,0.3247609422884477,0.4279834717571024,0.0011378770000192162,0.17855593105936385,0.2671856052706532,1.0,0.3247609422884477,0.5242739738016738,baseline_rr_debias,0,0.061858434291306746,0.01237168685826135,0.06792207631583597,0.17942218797434373,0.011126444000183255,0.11878689196855258,0.11795174348432141,-1.0,0.06792207631583597,0.303019302810271,2.0,1000,0,0,0,0,0,0,0,0,0,0,0.14601466928378326,0.029202933856756652,0.3926830186042837,0.6074056597314461,0.012264321000202472,0.2973428230279164,0.38513734875497463,0.0,0.3926830186042837,0.8272932766119448,neural_rr_mrp,10.778248439853652,no_bias,no_bias
0.15097766736745835,0.03019553347349167,0.4127575606654209,0.5489209498669102,0.002813518000039039,0.30212563324570657,0.3849934074997902,1.0,0.4127575606654209,0.9090668414445485,mrp_rr_poststrat,1,-0.004962998083675091,-0.0009925996167350175,-0.020074542061137235,0.05848470986453591,0.009450803000163432,-0.0047828102177901455,0.00014394125518440992,-1.0,-0.020074542061137235,-0.08177356483260367,2.0,1000,1,1,1,0,0,1,0,0,1,1,0.14601466928378326,0.029202933856756652,0.3926830186042837,0.6074056597314461,0.012264321000202472,0.2973428230279164,0.38513734875497463,0.0,0.3926830186042837,0.8272932766119448,neural_rr_mrp,4.359069677191437,no_bias,no_bias
0.20797887401200787,0.04159577480240158,0.4577477210122861,0.6274916764460433,0.003062969999973575,0.3268615037849351,0.41815873385778746,1.0,0.4577477210122861,0.932646638857583,mrp_misreport_rr_poststrat,1,-0.061964204728224614,-0.012392840945644926,-0.06506470240800244,-0.0200860167145972,0.009201351000228897,-0.02951868075701869,-0.03302138510281283,-1.0,-0.06506470240800244,-0.10535336224563818,2.0,1000,1,1,1,1,0,1,1,0,1,1,0.14601466928378326,0.029202933856756652,0.3926830186042837,0.6074056597314461,0.012264321000202472,0.2973428230279164,0.38513734875497463,0.0,0.3926830186042837,0.8272932766119448,neural_rr_mrp,4.004061744094222,no_bias,no_bias
0.22821445953882025,0.04564289190776405,0.47949607948293793,0.6392869876917676,0.003317490999961592,0.3395687881029795,0.42646324395848945,0.0,0.47949607948293793,0.9472793701647915,mrp_learned_misreport_rr_poststrat,1,-0.08219979025503699,-0.016439958051007397,-0.08681306087865426,-0.031881327960321504,0.00894683000024088,-0.0422259650750631,-0.04132589520351482,0.0,-0.08681306087865426,-0.11998609355284662,2.0,1000,1,1,1,1,0,1,1,0,1,1,0.14601466928378326,0.029202933856756652,0.3926830186042837,0.6074056597314461,0.012264321000202472,0.2973428230279164,0.38513734875497463,0.0,0.3926830186042837,0.8272932766119448,neural_rr_mrp,3.6968663970284954,no_bias,no_bias
0.4295766419582585,0.0859153283916517,1.3164556962025318,1.5889830508474576,0.0011047839998354902,1.1102630137804133,0.8801647455884891,0.0,1.3164556962025318,1.683794466403162,baseline_rr_debias,1,-0.25441380418300685,-0.05088276083660136,-0.8950980976448406,-0.9443544653313324,0.009911211000144249,-0.7818482782359901,-0.46229312413845286,0.0,-0.8950980976448406,-0.8480416047002943,0.2,500,1,1,1,1,0,1,1,0,1,1,0.17516283777525168,0.03503256755505034,0.4213575985576911,0.6446285855161252,0.011015994999979739,0.32841473554442313,0.41787162145003626,0.0,0.4213575985576911,0.8357528617028678,neural_rr_mrp,9.971175362441974,nonresponse,nonresponse
0.12309021492004397,0.024618042984008794,0.3777501024528005,0.5500849339786407,0.002448482999625412,0.29037363458573817,0.3740278460919857,0.0,0.3777501024528005,0.9036097824374303,mrp_rr_poststrat,0,0.05207262285520771,0.010414524571041545,0.04360749610489062,0.09454365153748456,0.008567512000354327,0.03804110095868496,0.04384377535805056,0.0,0.04360749610489062,-0.06785692073456251,0.2,500,0,0,0,0,0,0,0,0,0,1,0.17516283777525168,0.03503256755505034,0.4213575985576911,0.6446285855161252,0.011015994999979739,0.32841473554442313,0.41787162145003626,0.0,0.4213575985576911,0.8357528617028678,neural_rr_mrp,4.499110266097437,nonresponse,nonresponse
0.2134323548206651,0.04268647096413302,0.46318658556674136,0.6332219830838606,0.002569887000390736,0.33130661788384735,0.42221447746325486,1.0,0.46318658556674136,0.9371888441519636,mrp_misreport_rr_poststrat,1,-0.038269517045413426,-0.007653903409082681,-0.041828987009050245,0.011406602432264656,0.008446107999589003,-0.0028918823394242232,-0.004342856013218599,-1.0,-0.041828987009050245,-0.1014359824490958,0.2,500,1,1,1,0,0,1,1,0,1,1,0.17516283777525168,0.03503256755505034,0.4213575985576911,0.6446285855161252,0.011015994999979739,0.32841473554442313,0.41787162145003626,0.0,0.4213575985576911,0.8357528617028678,neural_rr_mrp,4.286567852323788,nonresponse,nonresponse
0.23126898849775654,0.046253797699551305,0.48302182556336165,0.6439441338789453,0.0031943660001161334,0.3420712438638511,0.4289599738691697,0.0,0.48302182556336165,0.9510925225104367,mrp_learned_misreport_rr_poststrat,1,-0.056106150722504855,-0.011221230144500965,-0.061664227005670535,0.0006844516371798948,0.007821628999863606,-0.013656508319427996,-0.011088352419133418,0.0,-0.061664227005670535,-0.11533966080756897,0.2,500,1,1,1,0,0,1,1,0,1,1,0.17516283777525168,0.03503256755505034,0.4213575985576911,0.6446285855161252,0.011015994999979739,0.32841473554442313,0.41787162145003626,0.0,0.4213575985576911,0.8357528617028678,neural_rr_mrp,3.448570076058675,nonresponse,nonresponse
0.7864054496904809,0.15728108993809617,1.3398058252427183,1.08300395256917,0.001006593000056455,0.9215395975488804,0.9561671879050723,0.0,1.3398058252427183,1.3991147114560019,baseline_rr_debias,1,-0.510223547311669,-0.1020447094623338,-0.8393493058681666,-0.39038981505682746,0.012115510000057839,-0.5590062974315262,-0.48022272132932986,0.0,-0.8393493058681666,-0.3368834667344305,0.5,500,1,1,1,1,0,1,1,0,1,1,0.27618190237881185,0.05523638047576237,0.5004565193745517,0.6926141375123425,0.013122103000114294,0.36253330011735424,0.4759444665757424,0.0,0.5004565193745517,1.0622312447215714,neural_rr_mrp,13.036155625340468,nonresponse,nonresponse
0.28154449901580814,0.05630889980316163,0.44677266780933717,0.605200508694431,0.002274229000249761,0.34186006389260293,0.42672232381105424,0.0,0.44677266780933717,1.0597613984171081,mrp_rr_poststrat,0,-0.005362596636996286,-0.0010725193273992614,0.053683851565214546,0.08741362881791148,0.010847873999864532,0.020673236224751312,0.04922214276468817,0.0,0.053683851565214546,0.00246984630446323,0.5,500,1,1,0,0,0,0,0,0,0,0,0.27618190237881185,0.05523638047576237,0.5004565193745517,0.6926141375123425,0.013122103000114294,0.36253330011735424,0.4759444665757424,0.0,0.5004565193745517,1.0622312447215714,neural_rr_mrp,5.769912791839869,nonresponse,nonresponse
0.21310638873989568,0.042621277747979136,0.4626353504367912,0.6333206561114247,0.002497134000350343,0.3311603325020838,0.4222343736125808,1.0,0.4626353504367912,0.9373247275284593,mrp_misreport_rr_poststrat,0,0.06307551363891617,0.012615102727783233,0.037821168937760496,0.059293481400917725,0.01062496899976395,0.03137296761527042,0.05371009296316159,-1.0,0.037821168937760496,0.12490651719311208,0.5,500,0,0,0,0,0,0,0,0,0,0,0.27618190237881185,0.05523638047576237,0.5004565193745517,0.6926141375123425,0.013122103000114294,0.36253330011735424,0.4759444665757424,0.0,0.5004565193745517,1.0622312447215714,neural_rr_mrp,5.254865376977483,nonresponse,nonresponse
0.2313359174680607,0.04626718349361214,0.48296672809546926,0.6443545262162745,0.003029346999937843,0.3421368859876008,0.4291596316205558,0.0,0.48296672809546926,0.9515047224134421,mrp_learned_misreport_rr_poststrat,0,0.04484598491075115,0.008969196982150228,0.017489791279082456,0.04825961129606793,0.01009275600017645,0.02039641412975346,0.046784834955186594,0.0,0.017489791279082456,0.1107265223081293,0.5,500,0,0,0,0,0,0,0,0,0,0,0.27618190237881185,0.05523638047576237,0.5004565193745517,0.6926141375123425,0.013122103000114294,0.36253330011735424,0.4759444665757424,0.0,0.5004565193745517,1.0622312447215714,neural_rr_mrp,4.331660585724757,nonresponse,nonresponse
0.27670599641967486,0.05534119928393497,0.8556047084345157,1.2876712328767121,0.0010468269997545576,0.5859550516112628,0.7704817022612521,0.0,0.8556047084345157,1.3139963447427558,baseline_rr_debias,1,-0.12241841560699182,-0.024483683121398366,-0.4524258330945735,-0.6344810263032598,0.01103062400034105,-0.2756846070576611,-0.36807864096674037,0.0,-0.4524258330945735,-0.5171499922483966,1.0,500,1,1,1,1,0,1,1,0,1,1,0.15428758081268304,0.030857516162536607,0.40317887533994223,0.6531902065734524,0.012077451000095607,0.3102704445536017,0.40240306129451175,0.0,0.40317887533994223,0.7968463524943592,neural_rr_mrp,11.537198603902388,nonresponse,nonresponse
0.1732794750750065,0.0346558950150013,0.40812980399928084,0.6721459137496807,0.0026319120001971896,0.2973817298710346,0.39713635356426236,0.0,0.40812980399928084,0.9065495362893783,mrp_rr_poststrat,0,-0.01899189426232345,-0.0037983788524646907,-0.004950928659338605,-0.018955707176228298,0.009445538999898417,0.012888714682567082,0.005266707730249398,0.0,-0.004950928659338605,-0.10970318379501909,1.0,500,1,1,1,1,0,0,0,0,1,1,0.15428758081268304,0.030857516162536607,0.40317887533994223,0.6531902065734524,0.012077451000095607,0.3102704445536017,0.40240306129451175,0.0,0.40317887533994223,0.7968463524943592,neural_rr_mrp,4.588850614758675,nonresponse,nonresponse
0.210425847263285,0.042085169452657,0.4603903662287701,0.6321912470699301,0.0024555320001127257,0.3295712124951448,0.42109761615022095,1.0,0.4603903662287701,0.9344706124597013,mrp_misreport_rr_poststrat,1,-0.056138266450601965,-0.011227653290120394,-0.057211490888827876,0.020998959503522263,0.009621918999982881,-0.019300767941543118,-0.0186945548557092,-1.0,-0.057211490888827876,-0.1376242599653421,1.0,500,1,1,1,0,0,1,1,0,1,1,0.15428758081268304,0.030857516162536607,0.40317887533994223,0.6531902065734524,0.012077451000095607,0.3102704445536017,0.40240306129451175,0.0,0.40317887533994223,0.7968463524943592,neural_rr_mrp,4.918466140755311,nonresponse,nonresponse
0.2297797652700629,0.04595595305401258,0.4818681114063217,0.6446232956440487,0.0030989929996394494,0.34096881618308267,0.42840647771591434,0.0,0.4818681114063217,0.9489807894605218,mrp_learned_misreport_rr_poststrat,1,-0.07549218445737987,-0.015098436891475973,-0.07868923606637945,0.008566910929403648,0.008978458000456158,-0.03069837162948097,-0.02600341642140258,0.0,-0.07868923606637945,-0.15213443696616258,1.0,500,1,1,1,0,0,1,1,0,1,1,0.15428758081268304,0.030857516162536607,0.40317887533994223,0.6531902065734524,0.012077451000095607,0.3102704445536017,0.40240306129451175,0.0,0.40317887533994223,0.7968463524943592,neural_rr_mrp,3.8972179032029923,nonresponse,nonresponse
0.12399930183230158,0.024799860366460317,0.5967099243014793,0.6484018264840182,0.001187631999982841,0.3749179468434795,0.4318149311923675,0.0,0.5967099243014793,0.6613847770838781,baseline_rr_debias,1,-0.00827724354357326,-0.0016554487087146533,-0.26219518104397677,-0.07607798554589129,0.012337128999661218,-0.10965868947238727,-0.05137755635826685,0.0,-0.26219518104397677,0.09235017871474194,2.0,500,1,1,1,1,0,1,1,0,1,0,0.11572205828872832,0.023144411657745664,0.3345147432575025,0.5723238409381269,0.013524760999644059,0.26525925737109224,0.38043737483410067,0.0,0.3345147432575025,0.75373495579862,neural_rr_mrp,11.388006554083642,nonresponse,nonresponse
0.08541956439316274,0.01708391287863255,0.4126716227405825,0.5786933686457953,0.0026138000002902118,0.2780899138480425,0.3849156380146742,0.0,0.4126716227405825,0.8274061004905141,mrp_rr_poststrat,0,0.03030249389556558,0.006060498779113115,-0.07815687948307998,-0.00636952770766841,0.010910960999353847,-0.012830656476950253,-0.0044782631805735384,0.0,-0.07815687948307998,-0.07367114469189406,2.0,500,0,0,1,1,0,1,1,0,1,1,0.11572205828872832,0.023144411657745664,0.3345147432575025,0.5723238409381269,0.013524760999644059,0.26525925737109224,0.38043737483410067,0.0,0.3345147432575025,0.75373495579862,neural_rr_mrp,5.17436720412518,nonresponse,nonresponse
0.20198897880174138,0.04039779576034828,0.4522896655490011,0.6288835687594494,0.0027344759996594803,0.3246345273783993,0.41788739400300945,0.0,0.4522896655490011,0.9259290891415711,mrp_misreport_rr_poststrat,1,-0.08626692051301306,-0.017253384102602614,-0.11777492229149855,-0.05655972782132246,0.010790284999984578,-0.05937527000730708,-0.03745001916890878,0.0,-0.11777492229149855,-0.17219413334295108,2.0,500,1,1,1,1,0,1,1,0,1,1,0.11572205828872832,0.023144411657745664,0.3345147432575025,0.5723238409381269,0.013524760999644059,0.26525925737109224,0.38043737483410067,0.0,0.3345147432575025,0.75373495579862,neural_rr_mrp,4.946015617371765,nonresponse,nonresponse
0.2222819064191882,0.044456381283837644,0.4740477862310896,0.6401106370480033,0.0033606890001465217,0.33715041030820536,0.42560515661403475,0.0,0.4740477862310896,0.9430274987600897,mrp_learned_misreport_rr_poststrat,1,-0.10655984813045989,-0.02131196962609198,-0.1395330429735871,-0.06778679610987637,0.010164071999497537,-0.07189115293711312,-0.04516778177993408,0.0,-0.1395330429735871,-0.1892925429614697,2.0,500,1,1,1,1,0,1,1,0,1,1,0.11572205828872832,0.023144411657745664,0.3345147432575025,0.5723238409381269,0.013524760999644059,0.26525925737109224,0.38043737483410067,0.0,0.3345147432575025,0.75373495579862,neural_rr_mrp,4.024401246010683,nonresponse,nonresponse
1.124002992625111,0.22480059852502218,1.1408662165522026,1.4689112669668474,0.0011359610002728004,0.8971907939910946,0.8879732540181011,1.0,1.1408662165522026,1.4689112669668474,baseline_rr_debias,1,-0.965660106599097,-0.19313202131981938,-0.73656338190601,-0.8496683879398323,0.012923326999953133,-0.5960772026185543,-0.4835125862866065,0.0,-0.73656338190601,-0.6613406074998546,0.2,1000,1,1,1,1,0,1,1,0,1,1,0.15834288602601398,0.031668577205202796,0.40430283464619254,0.619242879027015,0.014059288000225934,0.30111359137254023,0.40446066773149464,1.0,0.40430283464619254,0.8075706594669928,neural_rr_mrp,12.37655869950606,nonresponse,nonresponse
0.1311588279426098,0.02623176558852196,0.49374808071858844,0.5282116480021851,0.0025798540000323555,0.29278670663833617,0.382856766307354,1.0,0.49374808071858844,0.8898375715642051,mrp_rr_poststrat,0,0.027184058083404183,0.005436811616680835,-0.0894452460723959,0.0910312310248299,0.011479434000193578,0.008326884734204065,0.021603901424140648,0.0,-0.0894452460723959,-0.08226691209721226,0.2,1000,0,0,1,0,0,0,0,0,1,1,0.15834288602601398,0.031668577205202796,0.40430283464619254,0.619242879027015,0.014059288000225934,0.30111359137254023,0.40446066773149464,1.0,0.40430283464619254,0.8075706594669928,neural_rr_mrp,5.44964482488141,nonresponse,nonresponse
0.2137289313393659,0.04274578626787318,0.4635055881931402,0.6330713755706767,0.003265714000008302,0.3314352441349452,0.4222670595927582,1.0,0.4635055881931402,0.9373261119981389,mrp_misreport_rr_poststrat,1,-0.05538604531335192,-0.011077209062670387,-0.05920275354694765,-0.013828496543661695,0.010793574000217632,-0.03032165276240495,-0.017806391861263537,0.0,-0.05920275354694765,-0.12975545253114606,0.2,1000,1,1,1,1,0,1,1,0,1,1,0.15834288602601398,0.031668577205202796,0.40430283464619254,0.619242879027015,0.014059288000225934,0.30111359137254023,0.40446066773149464,1.0,0.40430283464619254,0.8075706594669928,neural_rr_mrp,4.3051191868578185,nonresponse,nonresponse
0.23138073716425275,0.04627614743285055,0.48315366144467325,0.6439831085273072,0.0041118640001513995,0.3421173426664945,0.42904405346184393,0.0,0.48315366144467325,0.9508467163973696,mrp_learned_misreport_rr_poststrat,1,-0.07303785113823877,-0.014607570227647755,-0.07885082679848071,-0.0247402295002922,0.009947424000074534,-0.04100375129395428,-0.024583385730349294,1.0,-0.07885082679848071,-0.14327605693037682,0.2,1000,1,1,1,1,0,1,1,1,1,1,0.15834288602601398,0.031668577205202796,0.40430283464619254,0.619242879027015,0.014059288000225934,0.30111359137254023,0.40446066773149464,1.0,0.40430283464619254,0.8075706594669928,neural_rr_mrp,3.41920063496951,nonresponse,nonresponse
0.6132087260095306,0.12264174520190611,1.3928062492147306,1.2737684006537355,0.0016162110000550456,0.8794244355002083,0.9428059083060978,0.0,1.3928062492147306,1.2737684006537355,baseline_rr_debias,1,-0.35830057796307957,-0.07166011559261591,-0.9006381456941095,-0.5792907518643425,0.012871591000020999,-0.5379846709623686,-0.5018413578633452,0.0,-0.9006381456941095,-0.33517661688159395,0.5,1000,1,1,1,1,0,1,1,0,1,1,0.254908148046451,0.0509816296092902,0.4921681035206211,0.694477648789393,0.014487802000076044,0.3414397645378397,0.4409645504427527,0.0,0.4921681035206211,0.9385917837721416,neural_rr_mrp,8.964053579379557,nonresponse,nonresponse
0.33850010240376,0.067700020480752,0.5874432705725318,0.7899768819329155,0.003533641000103671,0.4082740222722292,0.5006630819171667,0.0,0.5874432705725318,1.0187346335241503,mrp_rr_poststrat,1,-0.08359195435730898,-0.01671839087146179,-0.09527516705191064,-0.09549923314352249,0.010954160999972373,-0.0668342577343895,-0.05969853147441401,0.0,-0.09527516705191064,-0.0801428497520087,0.5,1000,1,1,1,1,0,1,1,0,1,1,0.254908148046451,0.0509816296092902,0.4921681035206211,0.694477648789393,0.014487802000076044,0.3414397645378397,0.4409645504427527,0.0,0.4921681035206211,0.9385917837721416,neural_rr_mrp,4.099964314329327,nonresponse,nonresponse
0.21461549641289238,0.042923099282578474,0.46440902351672597,0.6342955156920245,0.0038260970000010275,0.33197250467642425,0.4228048335701319,1.0,0.46440902351672597,0.9377232319719316,mrp_misreport_rr_poststrat,0,0.040292651633558635,0.008058530326711728,0.027759080003895154,0.06018213309736853,0.010661705000075017,0.009467259861415445,0.0181597168726208,-1.0,0.027759080003895154,0.000868551800209949,0.5,1000,0,0,0,0,0,0,0,0,0,0,0.254908148046451,0.0509816296092902,0.4921681035206211,0.694477648789393,0.014487802000076044,0.3414397645378397,0.4409645504427527,0.0,0.4921681035206211,0.9385917837721416,neural_rr_mrp,3.786574673896703,nonresponse,nonresponse
0.2322638966124155,0.0464527793224831,0.48398170457618545,0.6443405760446206,0.004952824000156397,0.3427548680320425,0.4295407863909791,0.0,0.48398170457618545,0.9519118727372682,mrp_learned_misreport_rr_poststrat,0,0.022644251434035506,0.0045288502868071,0.00818639894443568,0.050137072744772415,0.009534977999919647,-0.0013151034942028295,0.011423764051773588,0.0,0.00818639894443568,-0.013320088965126597,0.5,1000,0,0,0,0,0,1,0,0,0,1,0.254908148046451,0.0509816296092902,0.4921681035206211,0.694477648789393,0.014487802000076044,0.3414397645378397,0.4409645504427527,0.0,0.4921681035206211,0.9385917837721416,neural_rr_mrp,2.9251598683132203,nonresponse,nonresponse
0.2903334441321631,0.05806668882643262,1.1602781092368009,0.731815916677204,0.0012115099998482037,0.6583077570817061,0.5590964736280057,0.0,1.1602781092368009,0.7413881552393908,baseline_rr_debias,1,-0.08630073962487136,-0.017260147924974274,-0.6920272338836685,-0.05314406397020599,0.013227229000221996,-0.32490898520141315,-0.15137777577553896,0.0,-0.6920272338836685,-0.001343404540402049,1.0,1000,1,1,1,1,0,1,1,0,1,1,0.20403270450729175,0.04080654090145835,0.46825087535313237,0.678671852706998,0.0144387390000702,0.33339877188029293,0.4077186978524668,0.0,0.46825087535313237,0.7400447506989888,neural_rr_mrp,11.917969312576291,nonresponse,nonresponse
0.10821766724288466,0.021643533448576932,0.4064463040167484,0.5695331842016382,0.0030325379998430435,0.28630423065125943,0.38887520381510254,1.0,0.4064463040167484,0.79637341002092,mrp_rr_poststrat,0,0.09581503726440709,0.019163007452881416,0.06180457133638395,0.1091386685053598,0.011406201000227156,0.047094541229033504,0.01884349403736424,-1.0,0.06180457133638395,-0.05632865932193121,1.0,1000,0,0,0,0,0,0,0,0,0,1,0.20403270450729175,0.04080654090145835,0.46825087535313237,0.678671852706998,0.0144387390000702,0.33339877188029293,0.4077186978524668,0.0,0.46825087535313237,0.7400447506989888,neural_rr_mrp,4.761272241540754,nonresponse,nonresponse
0.21165714368803162,0.04233142873760633,0.46122819992941866,0.6333160345183468,0.0032274740001412283,0.3299267859866396,0.4212244215170155,1.0,0.46122819992941866,0.9347123330110545,mrp_misreport_rr_poststrat,1,-0.007624439180739878,-0.0015248878361479798,0.007022675423713709,0.0453558181886512,0.011211264999928972,0.0034719858936533288,-0.013505723664548719,-1.0,0.007022675423713709,-0.1946675823120657,1.0,1000,1,1,0,0,0,0,1,0,0,1,0.20403270450729175,0.04080654090145835,0.46825087535313237,0.678671852706998,0.0144387390000702,0.33339877188029293,0.4077186978524668,0.0,0.46825087535313237,0.7400447506989888,neural_rr_mrp,4.473696457179326,nonresponse,nonresponse
0.2299219651474576,0.04598439302949152,0.4817179592171059,0.6430895233024716,0.0036220560000401747,0.3411723783192848,0.42810064236362433,0.0,0.4817179592171059,0.9495174122488248,mrp_learned_misreport_rr_poststrat,1,-0.025889260640165862,-0.005177852128033171,-0.01346708386397355,0.035582329404526436,0.010816683000030025,-0.007773606438991887,-0.020381944511157546,0.0,-0.01346708386397355,-0.20947266154983601,1.0,1000,1,1,1,0,0,1,1,0,1,1,0.20403270450729175,0.04080654090145835,0.46825087535313237,0.678671852706998,0.0144387390000702,0.33339877188029293,0.4077186978524668,0.0,0.46825087535313237,0.7400447506989888,neural_rr_mrp,3.986337869958402,nonresponse,nonresponse
0.07712307528809374,0.01542461505761875,0.29324246375677454,0.4124793231163149,0.0010959710002680367,0.20138187826812434,0.26155221472192997,1.0,0.29324246375677454,0.4673481370535074,baseline_rr_debias,0,0.04710019502277957,0.009420039004555913,0.061476615047555416,0.14959118512912245,0.012946532999649207,0.06467197755964613,0.11096820477446423,-1.0,0.061476615047555416,0.42135366904147287,2.0,1000,0,0,0,0,0,0,0,0,0,0,0.12422327031087331,0.024844654062174662,0.35471907880432996,0.5620705082454374,0.014042503999917244,0.26605385582777047,0.3725204194963942,0.0,0.35471907880432996,0.8887018060949803,neural_rr_mrp,12.812842672372655,nonresponse,nonresponse
0.07573295156359676,0.015146590312719352,0.44646255686790287,0.544384009599433,0.002431670999612834,0.26398032774329183,0.3683941508233547,1.0,0.44646255686790287,0.8381940772667288,mrp_rr_poststrat,0,0.04849031874727655,0.00969806374945531,-0.09174347806357291,0.017686498646004356,0.01161083300030441,0.0020735280844786375,0.0041262686730395015,-1.0,-0.09174347806357291,0.0505077288282515,2.0,1000,0,0,1,0,0,0,0,0,1,0,0.12422327031087331,0.024844654062174662,0.35471907880432996,0.5620705082454374,0.014042503999917244,0.26605385582777047,0.3725204194963942,0.0,0.35471907880432996,0.8887018060949803,neural_rr_mrp,5.774837139626646,nonresponse,nonresponse
0.20676889395624232,0.04135377879124846,0.4567015939828233,0.626872359152542,0.0029693290002796857,0.3274124832733585,0.4190971018359397,1.0,0.4567015939828233,0.9322210188766105,mrp_misreport_rr_poststrat,1,-0.082545623645369,-0.0165091247290738,-0.10198251517849333,-0.06480185090710466,0.011073174999637558,-0.06135862744558801,-0.04657668233954548,-1.0,-0.10198251517849333,-0.04351921278163018,2.0,1000,1,1,1,1,0,1,1,0,1,1,0.12422327031087331,0.024844654062174662,0.35471907880432996,0.5620705082454374,0.014042503999917244,0.26605385582777047,0.3725204194963942,0.0,0.35471907880432996,0.8887018060949803,neural_rr_mrp,4.729184269777636,nonresponse,nonresponse
0.2252914882663391,0.04505829765326782,0.47686090067089715,0.6378316120695503,0.0034438120001141215,0.3387753829087618,0.42616683803445726,0.0,0.47686090067089715,0.9468240814293348,mrp_learned_misreport_rr_poststrat,1,-0.10106821795546579,-0.020213643591093157,-0.12214182186656719,-0.07576110382411294,0.010598691999803123,-0.07272152708099133,-0.05364641853806307,0.0,-0.12214182186656719,-0.058122275334354545,2.0,1000,1,1,1,1,0,1,1,0,1,1,0.12422327031087331,0.024844654062174662,0.35471907880432996,0.5620705082454374,0.014042503999917244,0.26605385582777047,0.3725204194963942,0.0,0.35471907880432996,0.8887018060949803,neural_rr_mrp,4.077604700678173,nonresponse,nonresponse
0.8073754132220187,0.16147508264440374,1.4694376528117359,1.7173308925865456,0.0010233600000901788,1.0496072588258136,1.173980993342386,0.0,1.4694376528117359,1.7759336099585061,baseline_rr_debias,1,-0.4115777982874977,-0.08231555965749955,-0.8411595564772589,-0.8637104120478624,0.010296693999862327,-0.6149354238709119,-0.6666421330521572,0.0,-0.8411595564772589,-0.8923507892760024,0.2,500,1,1,1,1,0,1,1,0,1,1,0.395797614934521,0.0791595229869042,0.628278096334477,0.8536204805386832,0.011320053999952506,0.43467183495490164,0.5073388602902287,0.0,0.628278096334477,0.8835828206825037,neural_rr_mrp,11.061653766958822,shy_fixed,shy_voter
0.18341325514614581,0.036682651029229164,0.46596377701805963,0.6779570030164421,0.0024433600001430023,0.32543134849369526,0.41043743924796583,0.0,0.46596377701805963,0.8330635282206027,mrp_rr_poststrat,0,0.21238435978837517,0.04247687195767503,0.16231431931641732,0.1756634775222411,0.008876693999809504,0.10924048646120638,0.09690142104226285,0.0,0.16231431931641732,0.05051929246190101,0.2,500,0,0,0,0,0,0,0,0,0,0,0.395797614934521,0.0791595229869042,0.628278096334477,0.8536204805386832,0.011320053999952506,0.43467183495490164,0.5073388602902287,0.0,0.628278096334477,0.8835828206825037,neural_rr_mrp,4.6329865428303565,shy_fixed,shy_voter
0.21388802967290424,0.04277760593458085,0.46363708879997434,0.633656941996611,0.5687514930000361,0.3315987641287909,0.4224822912960879,1.0,0.46363708879997434,0.9373896895469497,mrp_misreport_rr_poststrat,0,0.18190958526161674,0.03638191705232335,0.16464100753450261,0.21996353854207218,-0.5574314390000836,0.10307307082611072,0.08485656899414079,-1.0,0.16464100753450261,-0.05380686886444597,0.2,500,0,0,0,0,1,0,0,0,0,1,0.395797614934521,0.0791595229869042,0.628278096334477,0.8536204805386832,0.011320053999952506,0.43467183495490164,0.5073388602902287,0.0,0.628278096334477,0.8835828206825037,neural_rr_mrp,0.019903339400907362,shy_fixed,shy_voter
0.23168522363848448,0.0463370447276969,0.4834585914057807,0.6443272502926515,0.0031000130002212245,0.34231550070362143,0.4292241141069402,0.0,0.4834585914057807,0.9511723166542815,mrp_learned_misreport_rr_poststrat,0,0.1641123912960365,0.0328224782592073,0.14481950492869627,0.20929323024603175,0.008220040999731282,0.0923563342512802,0.07811474618328845,0.0,0.14481950492869627,-0.06758949597177777,0.2,500,0,0,0,0,0,0,0,0,0,1,0.395797614934521,0.0791595229869042,0.628278096334477,0.8536204805386832,0.011320053999952506,0.43467183495490164,0.5073388602902287,0.0,0.628278096334477,0.8835828206825037,neural_rr_mrp,3.6516150090805035,shy_fixed,shy_voter
0.4058988165073597,0.08117976330147195,1.6405295088797958,1.1124527373887234,0.0010621930000525026,0.9999026275154315,0.9302352751148173,0.0,1.6405295088797958,1.3167114051977942,baseline_rr_debias,1,-0.18789265240940353,-0.037578530481880715,-1.1789687435924459,-0.3986821696229149,0.014627434999965772,-0.6714319853569866,-0.4896815014823719,0.0,-1.1789687435924459,-0.3648896231903065,0.5,500,1,1,1,1,0,1,1,0,1,1,0.21800616409795617,0.04360123281959123,0.46156076528734985,0.7137705677658085,0.015689628000018274,0.3284706421584449,0.4405537736324454,0.0,0.46156076528734985,0.9518217820074877,neural_rr_mrp,14.770976648540104,shy_fixed,shy_voter
0.23040008955895908,0.04608001791179182,0.46614289320266367,0.7294132894189176,0.002329814999939117,0.318548138025403,0.41589071259796623,0.0,0.46614289320266367,0.9289408012587119,mrp_rr_poststrat,0,-0.012393925461002903,-0.0024787850922005847,-0.004582127915313816,-0.015642721653109093,0.013359813000079157,0.00992250413304191,0.024663061034479183,0.0,-0.004582127915313816,0.02288098074877576,0.5,500,1,1,1,1,0,0,0,0,1,0,0.21800616409795617,0.04360123281959123,0.46156076528734985,0.7137705677658085,0.015689628000018274,0.3284706421584449,0.4405537736324454,0.0,0.46156076528734985,0.9518217820074877,neural_rr_mrp,6.734280619031243,shy_fixed,shy_voter
0.21349419980055434,0.04269883996011087,0.46318203060695134,0.633451595084128,2.0764563460002137,0.33146304074518346,0.42241828301561946,1.0,0.46318203060695134,0.9373480268911647,mrp_misreport_rr_poststrat,0,0.004511964297401833,0.0009023928594803637,-0.0016212653196014948,0.08031897268168053,-2.0607667180001954,-0.002992398586738554,0.018135490616825956,-1.0,-0.0016212653196014948,0.014473755116322984,0.5,500,0,0,1,0,1,1,0,0,1,0,0.21800616409795617,0.04360123281959123,0.46156076528734985,0.7137705677658085,0.015689628000018274,0.3284706421584449,0.4405537736324454,0.0,0.46156076528734985,0.9518217820074877,neural_rr_mrp,0.0075559633267708775,shy_fixed,shy_voter
0.23135969726230698,0.0462719394524614,0.48310912386938343,0.6440085873963467,0.004988467000202945,0.34204474623009495,0.4290109538201113,0.0,0.48310912386938343,0.95075337057288,mrp_learned_misreport_rr_poststrat,1,-0.013353533164350812,-0.002670706632870168,-0.021548358582033578,0.0697619803694618,0.010701160999815329,-0.01357410407165005,0.011542819812334126,0.0,-0.021548358582033578,0.0010684114346076745,0.5,500,1,1,1,0,0,1,0,0,1,0,0.21800616409795617,0.04360123281959123,0.46156076528734985,0.7137705677658085,0.015689628000018274,0.3284706421584449,0.4405537736324454,0.0,0.46156076528734985,0.9518217820074877,neural_rr_mrp,3.1451802726929885,shy_fixed,shy_voter
0.14607440964863844,0.02921488192972769,1.0001904976907854,0.8498727735368958,0.0010762490001070546,0.6866306144785789,0.6098253520510488,0.0,1.0001904976907854,1.2506249514136973,baseline_rr_debias,1,-0.055096668286744546,-0.01101933365734891,-0.6303211069584342,-0.2744445804774742,0.014611775999583188,-0.40110300124226345,-0.23391007536364683,0.0,-0.6303211069584342,-0.4489327736660933,1.0,500,1,1,1,1,0,1,1,0,1,1,0.09097774136189389,0.018195548272378778,0.3698693907323511,0.5754281930594216,0.015688024999690242,0.2855276132363154,0.375915276687402,0.0,0.3698693907323511,0.801692177747604,neural_rr_mrp,14.57657567916881,shy_fixed,shy_voter
0.08535496639609343,0.017070993279218686,0.4360350251316313,0.5493440375489704,0.06671916699997382,0.2642471414923668,0.36338729364275935,0.0,0.4360350251316313,0.8589581881853986,mrp_rr_poststrat,0,0.005622774965800464,0.0011245549931600922,-0.0661656343992802,0.02608415551045118,-0.05103114200028358,0.021280471743948648,0.012527983044642643,0.0,-0.0661656343992802,-0.05726601043779456,1.0,500,0,0,1,0,1,0,0,0,1,1,0.09097774136189389,0.018195548272378778,0.3698693907323511,0.5754281930594216,0.015688024999690242,0.2855276132363154,0.375915276687402,0.0,0.3698693907323511,0.801692177747604,neural_rr_mrp,0.23513520484595374,shy_fixed,shy_voter
0.2130959085720113,0.04261918171440226,0.46319152709047523,0.6331650415587482,2.5009954020001715,0.33105350109653264,0.42204545682824396,1.0,0.46319152709047523,0.9362422920678914,mrp_misreport_rr_poststrat,1,-0.12211816721011741,-0.02442363344202348,-0.09332213635812414,-0.05773684849932659,-2.485307377000481,-0.04552588786021722,-0.04613018014084197,-1.0,-0.09332213635812414,-0.1345501143202874,1.0,500,1,1,1,1,1,1,1,0,1,1,0.09097774136189389,0.018195548272378778,0.3698693907323511,0.5754281930594216,0.015688024999690242,0.2855276132363154,0.375915276687402,0.0,0.3698693907323511,0.801692177747604,neural_rr_mrp,0.00627271245166774,shy_fixed,shy_voter
0.2291883236015496,0.045837664720309916,0.4812172916934475,0.6426012438054847,0.0036634339999181975,0.3410175586104672,0.428078200925462,0.0,0.4812172916934475,0.9492181459013629,mrp_learned_misreport_rr_poststrat,1,-0.1382105822396557,-0.027642116447931138,-0.11134790096109642,-0.06717305074606306,0.012024590999772045,-0.05548994537415175,-0.052162924238060016,0.0,-0.11134790096109642,-0.14752596815375885,1.0,500,1,1,1,1,0,1,1,0,1,1,0.09097774136189389,0.018195548272378778,0.3698693907323511,0.5754281930594216,0.015688024999690242,0.2855276132363154,0.375915276687402,0.0,0.3698693907323511,0.801692177747604,neural_rr_mrp,4.2823277285848595,shy_fixed,shy_voter
0.18169975987962553,0.03633995197592511,0.5588794253701113,0.7193675889328063,0.0010319519997210591,0.27324248984164473,0.43672647345971055,1.0,0.5588794253701113,0.8103182812051084,baseline_rr_debias,1,-0.1020554937202857,-0.02041109874405714,-0.22685647138389653,-0.15485461853398896,0.01080188600008114,-0.015102818692610431,-0.06545862723942075,-1.0,-0.22685647138389653,-0.022799024950325153,2.0,500,1,1,1,1,0,1,1,0,1,1,0.07964426615933982,0.015928853231867966,0.33202295398621473,0.5645129703988173,0.0118338379998022,0.2581396711490343,0.3712678462202898,0.0,0.33202295398621473,0.7875192562547833,neural_rr_mrp,11.46743065859743,shy_fixed,shy_voter
0.09824879067242147,0.019649758134484295,0.4259564829453322,0.5938431920830982,0.002432990999750473,0.2739009299784899,0.37878087347447875,0.0,0.4259564829453322,0.851939835052758,mrp_rr_poststrat,1,-0.018604524513081644,-0.0037209049026163295,-0.0939335289591175,-0.0293302216842809,0.009400847000051726,-0.015761258829455616,-0.007513027254188953,0.0,-0.0939335289591175,-0.0644205787979748,2.0,500,1,1,1,1,0,1,1,0,1,1,0.07964426615933982,0.015928853231867966,0.33202295398621473,0.5645129703988173,0.0118338379998022,0.2581396711490343,0.3712678462202898,0.0,0.33202295398621473,0.7875192562547833,neural_rr_mrp,4.8639053745023615,shy_fixed,shy_voter
0.2023281503515734,0.04046563007031468,0.451850652841417,0.6257539791114387,1.1073091560001558,0.3246932207995105,0.41725286332960787,1.0,0.451850652841417,0.9265721685687396,mrp_misreport_rr_poststrat,1,-0.12268388419223357,-0.024536776838446715,-0.11982769885520228,-0.06124100871262139,-1.0954753180003536,-0.06655354965047622,-0.04598501710931807,-1.0,-0.11982769885520228,-0.13905291231395633,2.0,500,1,1,1,1,1,1,1,0,1,1,0.07964426615933982,0.015928853231867966,0.33202295398621473,0.5645129703988173,0.0118338379998022,0.2581396711490343,0.3712678462202898,0.0,0.33202295398621473,0.7875192562547833,neural_rr_mrp,0.010687022622072976,shy_fixed,shy_voter
0.2204827988123843,0.04409655976247686,0.47161895281548494,0.6359254943338509,0.0032801140000628948,0.33621573458307713,0.4244423044228497,1.0,0.47161895281548494,0.941282725418097,mrp_learned_misreport_rr_poststrat,1,-0.14083853265304447,-0.028167706530608894,-0.1395959988292702,-0.07141252393503361,0.008553723999739304,-0.07807606343404283,-0.05317445820255989,-1.0,-0.1395959988292702,-0.15376346916331374,2.0,500,1,1,1,1,0,1,1,0,1,1,0.07964426615933982,0.015928853231867966,0.33202295398621473,0.5645129703988173,0.0118338379998022,0.2581396711490343,0.3712678462202898,0.0,0.33202295398621473,0.7875192562547833,neural_rr_mrp,3.6077520475127667,shy_fixed,shy_voter
0.8004000000000001,0.16008000000000003,1.456242707117853,1.2773536895674302,0.0013170920001357445,1.2509068894582676,1.0771854729671881,0.0,1.456242707117853,1.3948831723881105,baseline_rr_debias,1,-0.595174038021502,-0.11903480760430041,-0.991156597966576,-0.5873915026788062,0.013155964999896241,-0.9087960760552956,-0.6347440806848479,0.0,-0.991156597966576,-0.47844962688403225,0.2,1000,1,1,1,1,0,1,1,0,1,1,0.2052259619784981,0.04104519239569962,0.465086109151277,0.689962186888624,0.014473057000031986,0.34211081340297195,0.44244139228234025,0.0,0.465086109151277,0.9164335455040783,neural_rr_mrp,10.988645438997684,shy_fixed,shy_voter
0.2733154449284077,0.05466308898568154,0.5627063524355708,0.6244717440804687,0.0025910980002663564,0.34651833658218384,0.43071098138689995,0.0,0.5627063524355708,1.0284272595283819,mrp_rr_poststrat,1,-0.0680894829499096,-0.013617896589981922,-0.09762024328429375,0.0654904428081553,0.01188195899976563,-0.004407523179211892,0.011730410895440302,0.0,-0.09762024328429375,-0.11199371402430358,0.2,1000,1,1,1,0,0,1,0,0,1,1,0.2052259619784981,0.04104519239569962,0.465086109151277,0.689962186888624,0.014473057000031986,0.34211081340297195,0.44244139228234025,0.0,0.465086109151277,0.9164335455040783,neural_rr_mrp,5.585684909850651,shy_fixed,shy_voter
0.2137631367951935,0.042752627359038696,0.4635086607036447,0.6330887126237652,0.6379748750000545,0.33156092984988583,0.42235351745472827,1.0,0.4635086607036447,0.9375503489792667,mrp_misreport_rr_poststrat,0,-0.008537174816695386,-0.001707434963339076,0.0015774484476323014,0.05687347426485878,-0.6235018180000225,0.010549883553086115,0.020087874827611985,-1.0,0.0015774484476323014,-0.021116803475188406,0.2,1000,1,1,0,0,1,0,0,0,0,1,0.2052259619784981,0.04104519239569962,0.465086109151277,0.689962186888624,0.014473057000031986,0.34211081340297195,0.44244139228234025,0.0,0.465086109151277,0.9164335455040783,neural_rr_mrp,0.022685935711858167,shy_fixed,shy_voter
0.23138495242379473,0.046276990484758945,0.4831328347791417,0.6438391590682501,0.003389796000192291,0.3421746912387521,0.42906228206335134,0.0,0.4831328347791417,0.951097515386346,mrp_learned_misreport_rr_poststrat,1,-0.026158990445296626,-0.005231798089059325,-0.01804672562786469,0.04612302782037392,0.011083260999839695,-6.387783578015727e-05,0.01337911021898891,0.0,-0.01804672562786469,-0.03466396988226772,0.2,1000,1,1,1,0,0,1,0,0,1,1,0.2052259619784981,0.04104519239569962,0.465086109151277,0.689962186888624,0.014473057000031986,0.34211081340297195,0.44244139228234025,0.0,0.465086109151277,0.9164335455040783,neural_rr_mrp,4.269595279247182,shy_fixed,shy_voter
0.2391045857775757,0.04782091715551514,1.1161990947571443,1.0372169880384567,0.0015564929999527521,0.77649756292287,0.7356630785254115,0.0,1.1161990947571443,1.3359683794466406,baseline_rr_debias,1,-0.041481062456837164,-0.00829621249136743,-0.6632836141958727,-0.36658056805421535,0.06598387500025638,-0.4506092280901335,-0.32507164359186097,0.0,-0.6632836141958727,-0.528454080068726,0.5,1000,1,1,1,1,0,1,1,0,1,1,0.19762352332073854,0.03952470466414771,0.4529154805612717,0.6706364199842414,0.06754036800020913,0.3258883348327365,0.4105914349335505,0.0,0.4529154805612717,0.8075142993779146,neural_rr_mrp,43.39265772622128,shy_fixed,shy_voter
0.12211696326136591,0.024423392652273182,0.41752012453188236,0.5575180585762771,0.0034055569999509316,0.2882110688447952,0.37754886904358864,1.0,0.41752012453188236,0.8778158273687338,mrp_rr_poststrat,0,0.07550656005937263,0.015101312011874528,0.03539535602938931,0.11311836140796427,0.0641348110002582,0.0376772659879413,0.03304256588996185,-1.0,0.03539535602938931,-0.07030152799081912,0.5,1000,0,0,0,0,0,0,0,0,0,1,0.19762352332073854,0.03952470466414771,0.4529154805612717,0.6706364199842414,0.06754036800020913,0.3258883348327365,0.4105914349335505,0.0,0.4529154805612717,0.8075142993779146,neural_rr_mrp,19.83239981042228,shy_fixed,shy_voter
0.21359725512705327,0.04271945102541065,0.46342776466400504,0.632996785176724,2.322830724999676,0.33155818046533225,0.4223217487201945,1.0,0.46342776466400504,0.9375847821942855,mrp_misreport_rr_poststrat,1,-0.015973731806314728,-0.0031947463612629415,-0.01051228410273336,0.03763963480751742,-2.255290356999467,-0.00566984563259576,-0.01173031378664402,-1.0,-0.01051228410273336,-0.1300704828163709,0.5,1000,1,1,1,0,1,1,1,0,1,1,0.19762352332073854,0.03952470466414771,0.4529154805612717,0.6706364199842414,0.06754036800020913,0.3258883348327365,0.4105914349335505,0.0,0.4529154805612717,0.8075142993779146,neural_rr_mrp,0.029076749878198097,shy_fixed,shy_voter
0.23102522704505274,0.04620504540901055,0.4828189131412584,0.6433672342949146,0.005095450000226265,0.34206501171351006,0.4289031787632225,0.0,0.4828189131412584,0.9510865163692975,mrp_learned_misreport_rr_poststrat,1,-0.0334017037243142,-0.006680340744862838,-0.029903432579986733,0.02726918568932679,0.06244491799998286,-0.016176676880773566,-0.01831174382967199,0.0,-0.029903432579986733,-0.1435722169913829,0.5,1000,1,1,1,0,0,1,1,0,1,1,0.19762352332073854,0.03952470466414771,0.4529154805612717,0.6706364199842414,0.06754036800020913,0.3258883348327365,0.4105914349335505,0.0,0.4529154805612717,0.8075142993779146,neural_rr_mrp,13.255034981642442,shy_fixed,shy_voter
0.29191513752972764,0.058383027505945526,0.9005664232980741,0.6635367762128325,0.001516744000127801,0.6348186859948991,0.43121526258210024,1.0,0.9005664232980741,0.6635367762128325,baseline_rr_debias,1,-0.03457881516529204,-0.0069157630330584086,-0.383527610332848,0.05755314515909615,0.013739303999955155,-0.2766852084379605,0.006900133087547389,-1.0,-0.383527610332848,0.16563889452253433,1.0,1000,1,1,1,0,0,1,0,0,1,0,0.2573363223644356,0.05146726447288712,0.5170388129652261,0.7210899213719286,0.015256048000082956,0.3581334775569386,0.43811539566964763,0.0,0.5170388129652261,0.8291756707353668,neural_rr_mrp,10.058419877578206,shy_fixed,shy_voter
0.19606840121746064,0.03921368024349213,0.44844559417960117,0.5722140557909408,0.004205878999982815,0.3176649886488915,0.4013356799006462,1.0,0.44844559417960117,0.9214590447232686,mrp_rr_poststrat,0,0.06126792114697496,0.012253584229394987,0.06859321878562497,0.14887586558098787,0.01105016900010014,0.04046848890804711,0.03677971576900141,-1.0,0.06859321878562497,-0.09228337398790176,1.0,1000,0,0,0,0,0,0,0,0,0,1,0.2573363223644356,0.05146726447288712,0.5170388129652261,0.7210899213719286,0.015256048000082956,0.3581334775569386,0.43811539566964763,0.0,0.5170388129652261,0.8291756707353668,neural_rr_mrp,3.6273150036283237,shy_fixed,shy_voter
0.21187180827686738,0.04237436165537348,0.46167040870629295,0.6313572358216964,2.374215407000065,0.33003155011924357,0.42093734142280254,1.0,0.46167040870629295,0.9352654009808357,mrp_misreport_rr_poststrat,0,0.045464514087568214,0.00909290281751364,0.05536840425893319,0.08973268555023217,-2.358959358999982,0.028101927437695018,0.017178054246845098,-1.0,0.05536840425893319,-0.10608973024546886,1.0,1000,0,0,0,0,1,0,0,0,0,1,0.2573363223644356,0.05146726447288712,0.5170388129652261,0.7210899213719286,0.015256048000082956,0.3581334775569386,0.43811539566964763,0.0,0.5170388129652261,0.8291756707353668,neural_rr_mrp,0.006425721926958474,shy_fixed,shy_voter
0.23043259888708353,0.04608651977741671,0.48226628353151296,0.6431609304116814,0.004145777000303497,0.3410927049076532,0.4280735003188024,0.0,0.48226628353151296,0.9488103354921059,mrp_learned_misreport_rr_poststrat,0,0.026903723477352065,0.00538074469547041,0.03477252943371317,0.07792899096024719,0.011110270999779459,0.017040772649285385,0.010041895350845209,0.0,0.03477252943371317,-0.11963466475673912,1.0,1000,0,0,0,0,0,0,0,0,0,1,0.2573363223644356,0.05146726447288712,0.5170388129652261,0.7210899213719286,0.015256048000082956,0.3581334775569386,0.43811539566964763,0.0,0.5170388129652261,0.8291756707353668,neural_rr_mrp,3.6799007758898075,shy_fixed,shy_voter
0.09643388140492659,0.019286776280985317,0.2117384621739425,0.5154739484995581,0.0016259980002359953,0.16572288468706742,0.30703965164226715,0.0,0.2117384621739425,0.7350066320986476,baseline_rr_debias,0,-0.005545257735947093,-0.0011090515471894186,0.13496544398820587,0.0067159632656579316,0.011868786999912118,0.09647719094259027,0.058930494409767054,1.0,0.13496544398820587,0.12520652650227548,2.0,1000,1,1,0,0,0,0,0,1,0,0,0.0908886236689795,0.0181777247337959,0.34670390616214836,0.522189911765216,0.013494785000148113,0.2622000756296577,0.3659701460520342,1.0,0.34670390616214836,0.8602131586009231,neural_rr_mrp,8.29938597599105,shy_fixed,shy_voter
0.17140383971929551,0.034280767943859106,0.4193575979372108,0.5851304844578272,0.0029276039999786008,0.3108025760114193,0.4041231547057629,0.0,0.4193575979372108,0.9545945532341056,mrp_rr_poststrat,1,-0.08051521605031602,-0.016103043210063207,-0.07265369177506242,-0.06294057269261122,0.010567181000169512,-0.048602500381761615,-0.03815300865372867,1.0,-0.07265369177506242,-0.09438139463318251,2.0,1000,1,1,1,1,0,1,1,1,1,1,0.0908886236689795,0.0181777247337959,0.34670390616214836,0.522189911765216,0.013494785000148113,0.2622000756296577,0.3659701460520342,1.0,0.34670390616214836,0.8602131586009231,neural_rr_mrp,4.609498074277379,shy_fixed,shy_voter
0.20833008765185615,0.04166601753037123,0.4572589988716922,0.6263000833717395,1.265949883000303,0.3282431972730177,0.41899603812244257,1.0,0.4572589988716922,0.9343659787317625,mrp_misreport_rr_poststrat,1,-0.11744146398287665,-0.023488292796575334,-0.11055509270954383,-0.10411017160652347,-1.252455098000155,-0.06604312164336001,-0.053025892070408365,0.0,-0.11055509270954383,-0.07415282013083946,2.0,1000,1,1,1,1,1,1,1,0,1,1,0.0908886236689795,0.0181777247337959,0.34670390616214836,0.522189911765216,0.013494785000148113,0.2622000756296577,0.3659701460520342,1.0,0.34670390616214836,0.8602131586009231,neural_rr_mrp,0.010659809824513315,shy_fixed,shy_voter
0.2260522091624315,0.0452104418324863,0.47693388274146575,0.6380704287184884,0.00344760200005112,0.3387619776241712,0.4259337977046271,0.0,0.47693388274146575,0.9480315616779655,mrp_learned_misreport_rr_poststrat,1,-0.13516358549345198,-0.0270327170986904,-0.1302299765793174,-0.1158805169532724,0.010047183000096993,-0.07656190199451351,-0.059963651652592875,1.0,-0.1302299765793174,-0.08781840307704247,2.0,1000,1,1,1,1,0,1,1,1,1,1,0.0908886236689795,0.0181777247337959,0.34670390616214836,0.522189911765216,0.013494785000148113,0.2622000756296577,0.3659701460520342,1.0,0.34670390616214836,0.8602131586009231,neural_rr_mrp,3.914252573222784,shy_fixed,shy_voter
0.810843777672328,0.16216875553446558,1.512082853855006,1.5555555555555558,0.001128278000123828,1.2912000000000001,1.078042857142857,0.0,1.512082853855006,1.8128342245989304,baseline_rr_debias,1,-0.37633744704126726,-0.07526748940825344,-0.823019544824535,-0.6841481814191295,0.010934787999758555,-0.802897121499627,-0.5359567458901617,0.0,-0.823019544824535,-0.8714020029426343,0.2,500,1,1,1,1,0,1,1,0,1,1,0.4345063306310607,0.08690126612621214,0.689063309030471,0.8714073741364263,0.012063065999882383,0.4883028785003731,0.5420861112526953,0.0,0.689063309030471,0.9414322216562961,neural_rr_mrp,10.691572465791646,shy_privacy_helps,privacy_helps
0.3420997990161181,0.06841995980322362,0.5939355651440422,0.6944503647426801,0.002456611000070552,0.41364751875698563,0.48536286144554613,1.0,0.5939355651440422,0.9942068085472853,mrp_rr_poststrat,0,0.09240653161494261,0.018481306322988528,0.09512774388642875,0.17695700939374626,0.009606454999811831,0.0746553597433875,0.05672324980714921,-1.0,0.09512774388642875,-0.05277458689098913,0.2,500,0,0,0,0,0,0,0,0,0,1,0.4345063306310607,0.08690126612621214,0.689063309030471,0.8714073741364263,0.012063065999882383,0.4883028785003731,0.5420861112526953,0.0,0.689063309030471,0.9414322216562961,neural_rr_mrp,4.910450209469851,shy_privacy_helps,privacy_helps
0.21434307063017655,0.042868614126035307,0.464097423774392,0.6339610719233463,0.639794701000028,0.3318265660633366,0.42263920380039205,1.0,0.464097423774392,0.9375514970201295,mrp_misreport_rr_poststrat,0,0.22016326000088415,0.044032652000176836,0.22496588525607897,0.23744630221308005,-0.6277316350001456,0.15647631243703652,0.1194469074523033,-1.0,0.22496588525607897,0.0038807246361666214,0.2,500,0,0,0,0,1,0,0,0,0,0,0.4345063306310607,0.08690126612621214,0.689063309030471,0.8714073741364263,0.012063065999882383,0.4883028785003731,0.5420861112526953,0.0,0.689063309030471,0.9414322216562961,neural_rr_mrp,0.018854588793916653,shy_privacy_helps,privacy_helps
0.23183102296901745,0.04636620459380349,0.4836005004699335,0.6444510624507858,0.00366744299981292,0.3424012422392725,0.4292900650512423,0.0,0.4836005004699335,0.9510678095256995,mrp_learned_misreport_rr_poststrat,0,0.20267530766204325,0.040535061532408656,0.20546280856053745,0.22695631168564057,0.008395623000069463,0.14590163626110064,0.11279604620145306,0.0,0.20546280856053745,-0.009635587869403328,0.2,500,0,0,0,0,0,0,0,0,0,1,0.4345063306310607,0.08690126612621214,0.689063309030471,0.8714073741364263,0.012063065999882383,0.4883028785003731,0.5420861112526953,0.0,0.689063309030471,0.9414322216562961,neural_rr_mrp,3.289230671205451,shy_privacy_helps,privacy_helps
0.6040970063641058,0.12081940127282116,0.9259332345624423,1.2370624883800094,0.001006720000077621,0.7763108431027883,0.8365154617884836,0.0,0.9259332345624423,1.2370624883800094,baseline_rr_debias,1,-0.2655970446917519,-0.053119408938350376,-0.3445108170930222,-0.4445398397035414,0.20579725100014912,-0.37607899309596377,-0.35645510919863677,0.0,-0.3445108170930222,-0.44437233893798755,0.5,500,1,1,1,1,0,1,1,0,1,1,0.3384999616723539,0.06769999233447078,0.58142241746942,0.792522648676468,0.20680397100022674,0.40023185000682454,0.4800603525898468,0.0,0.58142241746942,0.7926901494420219,neural_rr_mrp,205.42352489697387,shy_privacy_helps,privacy_helps
0.27900968166589735,0.05580193633317947,0.5611381960490804,0.7691050600337784,0.0024812939996081695,0.39394882959127425,0.4771551211059093,0.0,0.5611381960490804,0.9133474759080193,mrp_rr_poststrat,0,0.059490280006456564,0.011898056001291318,0.020284221420339588,0.023417588642689613,0.20432267700061857,0.006283020415550289,0.0029052314839375093,0.0,0.020284221420339588,-0.12065732646599747,0.5,500,0,0,0,0,0,0,0,0,0,1,0.3384999616723539,0.06769999233447078,0.58142241746942,0.792522648676468,0.20680397100022674,0.40023185000682454,0.4800603525898468,0.0,0.58142241746942,0.7926901494420219,neural_rr_mrp,83.34521061707477,shy_privacy_helps,privacy_helps
0.21420140637989857,0.04284028127597971,0.4638866395060419,0.6342447776179234,1.5003386969997337,0.3317610733787918,0.4227308498141504,1.0,0.4638866395060419,0.9375381122227298,mrp_misreport_rr_poststrat,0,0.12429855529245534,0.024859711058491073,0.11753577796337811,0.15827787105854463,-1.293534725999507,0.06847077662803275,0.05732950277569643,-1.0,0.11753577796337811,-0.14484796278070788,0.5,500,0,0,0,0,1,0,0,0,0,1,0.3384999616723539,0.06769999233447078,0.58142241746942,0.792522648676468,0.20680397100022674,0.40023185000682454,0.4800603525898468,0.0,0.58142241746942,0.7926901494420219,neural_rr_mrp,0.13783819041245687,shy_privacy_helps,privacy_helps
0.23166821397786694,0.046333642795573386,0.4832896793106739,0.6445786754240435,0.08026705100019171,0.34244787946528266,0.42945727574593257,0.0,0.4832896793106739,0.9515639142040393,mrp_learned_misreport_rr_poststrat,0,0.10683174769448697,0.0213663495388974,0.09813273815874612,0.1479439732524246,0.12653692000003502,0.057783970541541885,0.05060307684391424,0.0,0.09813273815874612,-0.15887376476201742,0.5,500,0,0,0,0,0,0,0,0,0,1,0.3384999616723539,0.06769999233447078,0.58142241746942,0.792522648676468,0.20680397100022674,0.40023185000682454,0.4800603525898468,0.0,0.58142241746942,0.7926901494420219,neural_rr_mrp,2.576449096151954,shy_privacy_helps,privacy_helps
0.2965480365053228,0.05930960730106456,0.8378247211556946,1.0249625356041978,0.0012094250000700413,0.5531406116036117,0.7701317792804707,1.0,0.8378247211556946,1.3435114503816794,baseline_rr_debias,1,-0.1707345825820331,-0.034146916516406625,-0.4420662951086505,-0.5109346038694341,0.0845388620000449,-0.282224064807045,-0.39818891681038937,0.0,-0.4420662951086505,-0.4542118815983137,1.0,500,1,1,1,1,0,1,1,0,1,1,0.1258134539232897,0.025162690784657937,0.39575842604704414,0.5140279317347637,0.08574828700011494,0.27091654679656674,0.37194286247008135,1.0,0.39575842604704414,0.8892995687833657,neural_rr_mrp,70.90004505872544,shy_privacy_helps,privacy_helps
0.1589057912319899,0.031781158246397975,0.5557236536655937,0.536889685822998,0.0026361179998275475,0.27559037771522993,0.3679624554783106,0.0,0.5557236536655937,0.8997597956960214,mrp_rr_poststrat,1,-0.033092337308700204,-0.006618467461740038,-0.1599652276185496,-0.02286175408823432,0.0831121690002874,-0.004673830918663191,0.0039804069917707685,1.0,-0.1599652276185496,-0.01046022691265569,1.0,500,1,1,1,1,0,1,0,1,1,1,0.1258134539232897,0.025162690784657937,0.39575842604704414,0.5140279317347637,0.08574828700011494,0.27091654679656674,0.37194286247008135,1.0,0.39575842604704414,0.8892995687833657,neural_rr_mrp,32.52824304743738,shy_privacy_helps,privacy_helps
0.2124199459243011,0.042483989184860224,0.4620680693958141,0.6311190146560027,2.3159248289998686,0.33074502465904926,0.42147561839128045,1.0,0.4620680693958141,0.9368375720172335,mrp_misreport_rr_poststrat,1,-0.08660649200101142,-0.017321298400202287,-0.06630964334876993,-0.11709108292123904,-2.2301765419997537,-0.05982847786248252,-0.0495327559211991,0.0,-0.06630964334876993,-0.04753800323386781,1.0,500,1,1,1,1,1,1,1,0,1,1,0.1258134539232897,0.025162690784657937,0.39575842604704414,0.5140279317347637,0.08574828700011494,0.27091654679656674,0.37194286247008135,1.0,0.39575842604704414,0.8892995687833657,neural_rr_mrp,0.0370255052868643,shy_privacy_helps,privacy_helps
0.22879029231946846,0.04575805846389369,0.4804101713337766,0.6408832131580545,0.003249013000186096,0.3409433681679796,0.427717394348285,0.0,0.4804101713337766,0.9504714918937114,mrp_learned_misreport_rr_poststrat,1,-0.10297683839617877,-0.020595367679235754,-0.08465174528673247,-0.12685528142329083,0.08249927399992885,-0.07002682137141286,-0.05577453187820364,1.0,-0.08465174528673247,-0.061171923110345694,1.0,500,1,1,1,1,0,1,1,1,1,1,0.1258134539232897,0.025162690784657937,0.39575842604704414,0.5140279317347637,0.08574828700011494,0.27091654679656674,0.37194286247008135,1.0,0.39575842604704414,0.8892995687833657,neural_rr_mrp,26.392103384998297,shy_privacy_helps,privacy_helps
0.2118115291105443,0.042362305822108856,0.704308283368901,0.6016967069576401,0.0010492500000509608,0.3870400379065644,0.49354692532802935,0.0,0.704308283368901,0.6352274060725895,baseline_rr_debias,1,-0.11720968092626081,-0.02344193618525216,-0.351521094407243,-0.002462772545039571,0.013574526999946102,-0.1385849622339828,-0.1242829513250836,0.0,-0.351521094407243,0.2048696263762032,2.0,500,1,1,1,1,0,1,1,0,1,0,0.09460184818428348,0.018920369636856695,0.35278718896165795,0.5992339344126005,0.014623776999997062,0.24845507567258157,0.36926397400294575,0.0,0.35278718896165795,0.8400970324487927,neural_rr_mrp,13.937361924504936,shy_privacy_helps,privacy_helps
0.08082004207074643,0.016164008414149285,0.41346536603410017,0.5825908371894543,0.0024538970001231064,0.267669877460599,0.38031947935521604,1.0,0.41346536603410017,0.8396499477685455,mrp_rr_poststrat,0,0.013781806113537048,0.0027563612227074104,-0.06067817707244222,0.016643097223146275,0.012169879999873956,-0.019214801788017433,-0.01105550535227029,-1.0,-0.06067817707244222,0.0004470846802472339,2.0,500,0,0,1,0,0,1,1,0,1,0,0.09460184818428348,0.018920369636856695,0.35278718896165795,0.5992339344126005,0.014623776999997062,0.24845507567258157,0.36926397400294575,0.0,0.35278718896165795,0.8400970324487927,neural_rr_mrp,5.959409461466158,shy_privacy_helps,privacy_helps
0.20447044637087966,0.040894089274175933,0.4539658142416162,0.6246020463025874,1.3325390370000605,0.3266952019581873,0.4185492329250586,0.0,0.4539658142416162,0.935396787706696,mrp_misreport_rr_poststrat,1,-0.10986859818659618,-0.021973719637319238,-0.10117862527995825,-0.02536811188998689,-1.3179152600000634,-0.07824012628560573,-0.04928525892211283,0.0,-0.10117862527995825,-0.09529975525790324,2.0,500,1,1,1,1,1,1,1,0,1,1,0.09460184818428348,0.018920369636856695,0.35278718896165795,0.5992339344126005,0.014623776999997062,0.24845507567258157,0.36926397400294575,0.0,0.35278718896165795,0.8400970324487927,neural_rr_mrp,0.01097437042664019,shy_privacy_helps,privacy_helps
0.22026361332541428,0.04405272266508285,0.4715001932672015,0.6339634475695657,0.002971895999962726,0.33619299409587894,0.4242043760540463,1.0,0.4715001932672015,0.9470325710350619,mrp_learned_misreport_rr_poststrat,1,-0.1256617651411308,-0.025132353028226157,-0.11871300430554355,-0.03472951315696515,0.011651881000034336,-0.08773791842329737,-0.05494040205110057,-1.0,-0.11871300430554355,-0.10693553858626914,2.0,500,1,1,1,1,0,1,1,0,1,1,0.09460184818428348,0.018920369636856695,0.35278718896165795,0.5992339344126005,0.014623776999997062,0.24845507567258157,0.36926397400294575,0.0,0.35278718896165795,0.8400970324487927,neural_rr_mrp,4.92068935123587,shy_privacy_helps,privacy_helps
0.6165794627805243,0.12331589255610487,1.05953170604919,1.6160877513711152,0.0012084109998795611,0.7096586045051317,0.9314688124821319,0.0,1.05953170604919,1.6160877513711152,baseline_rr_debias,1,-0.41083815858131645,-0.08216763171626329,-0.6228385080346105,-1.0107094602783384,0.01169874000015625,-0.391767999411241,-0.5117166987570263,0.0,-0.6228385080346105,-0.6344665399666858,0.2,1000,1,1,1,1,0,1,1,0,1,1,0.20574130419920786,0.04114826083984157,0.4366931980145795,0.6053782910927767,0.01290715100003581,0.3178906050938907,0.41975211372510557,0.0,0.4366931980145795,0.9816212114044294,neural_rr_mrp,10.681093602526152,shy_privacy_helps,privacy_helps
0.15408687920570371,0.03081737584114074,0.54416010154052,0.5401164206660861,0.0027707660001397016,0.3000487224578857,0.3895608637809753,1.0,0.54416010154052,0.923344261067755,mrp_rr_poststrat,0,0.051654424993504144,0.010330884998700829,-0.10746690352594046,0.06526187042669063,0.010136384999896109,0.017841882636005002,0.03019124994413025,-1.0,-0.10746690352594046,0.05827695033667435,0.2,1000,0,0,1,0,0,0,0,0,1,0,0.20574130419920786,0.04114826083984157,0.4366931980145795,0.6053782910927767,0.01290715100003581,0.3178906050938907,0.41975211372510557,0.0,0.4366931980145795,0.9816212114044294,neural_rr_mrp,4.658333110549585,shy_privacy_helps,privacy_helps
0.21376826230655652,0.042753652461311305,0.4635202441896211,0.6332494024750767,0.6026890570001342,0.3315688773151219,0.42239819263435235,1.0,0.4635202441896211,0.9374785660309375,mrp_misreport_rr_poststrat,1,-0.008026958107348658,-0.0016053916214697345,-0.026827046175041613,-0.027871111382299918,-0.5897819060000984,-0.013678272221231191,-0.002646078909246785,-1.0,-0.026827046175041613,0.044142645373491884,0.2,1000,1,1,1,1,1,1,1,0,1,0,0.20574130419920786,0.04114826083984157,0.4366931980145795,0.6053782910927767,0.01290715100003581,0.3178906050938907,0.41975211372510557,0.0,0.4366931980145795,0.9816212114044294,neural_rr_mrp,0.021415937206958342,shy_privacy_helps,privacy_helps
0.23116888605832847,0.046233777211665696,0.48290463866463906,0.6437569899719231,0.003322526000374637,0.3420619257295463,0.4289803061063535,0.0,0.48290463866463906,0.9509717725704987,mrp_learned_misreport_rr_poststrat,1,-0.025427581859120613,-0.005085516371824125,-0.046211440650059554,-0.038378698879146356,0.009584624999661173,-0.02417132063565558,-0.009228192381247946,0.0,-0.046211440650059554,0.030649438833930676,0.2,1000,1,1,1,1,0,1,1,0,1,0,0.20574130419920786,0.04114826083984157,0.4366931980145795,0.6053782910927767,0.01290715100003581,0.3178906050938907,0.41975211372510557,0.0,0.4366931980145795,0.9816212114044294,neural_rr_mrp,3.884740404914948,shy_privacy_helps,privacy_helps
0.7737929002715838,0.15475858005431675,1.0448791714614498,1.1652542372881356,0.0010018129996751668,0.8369302939193541,0.8552972621986135,0.0,1.0448791714614498,1.2648221343873518,baseline_rr_debias,1,-0.42491952413365786,-0.08498390482673157,-0.45274952237538435,-0.3659681737116772,0.07354226600000402,-0.42781232340333886,-0.34483447157698033,0.0,-0.45274952237538435,-0.25094660498723154,0.5,1000,1,1,1,1,0,1,1,0,1,1,0.3488733761379259,0.06977467522758518,0.5921296490860655,0.7992860635764584,0.07454407899967919,0.4091179705160153,0.5104627906216331,0.0,0.5921296490860655,1.0138755294001203,neural_rr_mrp,74.40917518923168,shy_privacy_helps,privacy_helps
0.3602344956606627,0.07204689913213254,0.6139608764961763,0.7220459504060726,0.002503942999737774,0.42492974952161316,0.5039322058945894,0.0,0.6139608764961763,1.0898819445448127,mrp_rr_poststrat,1,-0.011361119522736773,-0.0022722239045473575,-0.021831227410110787,0.07724011317038582,0.07204013599994141,-0.01581177900559788,0.006530584727043709,0.0,-0.021831227410110787,-0.07600641514469242,0.5,1000,1,1,1,0,0,1,0,0,1,1,0.3488733761379259,0.06977467522758518,0.5921296490860655,0.7992860635764584,0.07454407899967919,0.4091179705160153,0.5104627906216331,0.0,0.5921296490860655,1.0138755294001203,neural_rr_mrp,29.77067729077133,shy_privacy_helps,privacy_helps
0.21500567201518145,0.04300113440303629,0.4648544416248328,0.6342367706322166,0.8762630599999284,0.33232024194365,0.4230264952285761,1.0,0.4648544416248328,0.9384709265133155,mrp_misreport_rr_poststrat,0,0.13386770412274446,0.026773540824548893,0.12727520746123266,0.16504929294424175,-0.8017189810002492,0.07679772857236528,0.08743629539305703,-1.0,0.12727520746123266,0.07540460288680473,0.5,1000,0,0,0,0,1,0,0,0,0,0,0.3488733761379259,0.06977467522758518,0.5921296490860655,0.7992860635764584,0.07454407899967919,0.4091179705160153,0.5104627906216331,0.0,0.5921296490860655,1.0138755294001203,neural_rr_mrp,0.08507043421376827,shy_privacy_helps,privacy_helps
0.23249405909071985,0.04649881181814397,0.4842775653353128,0.6450676033343363,0.003293288000350003,0.3427981344902811,0.4297002302698441,0.0,0.4842775653353128,0.951727324166868,mrp_learned_misreport_rr_poststrat,0,0.11637931704720605,0.02327586340944121,0.10785208375075267,0.15421846024212205,0.07125079099932918,0.06631983602573416,0.08076256035178903,0.0,0.10785208375075267,0.06214820523325226,0.5,1000,0,0,0,0,0,0,0,0,0,0,0.3488733761379259,0.06977467522758518,0.5921296490860655,0.7992860635764584,0.07454407899967919,0.4091179705160153,0.5104627906216331,0.0,0.5921296490860655,1.0138755294001203,neural_rr_mrp,22.63515337612648,shy_privacy_helps,privacy_helps
0.1269541660761785,0.0253908332152357,0.6498591790386175,0.9219885785858917,0.0011785020001298108,0.4137818017004998,0.5346445688411965,0.0,0.6498591790386175,0.9309481001784101,baseline_rr_debias,0,0.06510692264801715,0.013021384529603428,-0.2065577815085392,-0.3188377909159914,0.10283886699971845,-0.1132072275685258,-0.13789687904813425,0.0,-0.2065577815085392,-0.007649352937867837,1.0,1000,0,0,1,1,0,1,1,0,1,1,0.19206108872419564,0.038412217744839126,0.44330139753007824,0.6031507876699003,0.10401736899984826,0.30057457413197397,0.39674768979306224,0.0,0.44330139753007824,0.9232987472405423,neural_rr_mrp,88.26236102135665,shy_privacy_helps,privacy_helps
0.1548992943495512,0.030979858869910237,0.3970144906231234,0.5686419673604094,0.003918009000244638,0.2960757505685091,0.381969263151288,0.0,0.3970144906231234,0.9355690616337373,mrp_rr_poststrat,0,0.03716179437464445,0.00743235887492889,0.04628690690695486,0.03450882030949087,0.10009935999960362,0.004498823563464871,0.014778426641774256,0.0,0.04628690690695486,-0.012270314393195036,1.0,1000,0,0,0,0,0,0,0,0,0,1,0.19206108872419564,0.038412217744839126,0.44330139753007824,0.6031507876699003,0.10401736899984826,0.30057457413197397,0.39674768979306224,0.0,0.44330139753007824,0.9232987472405423,neural_rr_mrp,26.548527324300043,shy_privacy_helps,privacy_helps
0.21424705351522338,0.042849410703044676,0.4639940882933827,0.6338070156197533,2.7802740030001587,0.3317138789656503,0.42256662083662666,1.0,0.4639940882933827,0.9383219675631312,mrp_misreport_rr_poststrat,1,-0.022185964791027746,-0.004437192958205549,-0.020692690763304433,-0.03065622794985301,-2.6762566340003104,-0.03113930483367633,-0.02581893104356442,-1.0,-0.020692690763304433,-0.01502322032258896,1.0,1000,1,1,1,1,1,1,1,0,1,1,0.19206108872419564,0.038412217744839126,0.44330139753007824,0.6031507876699003,0.10401736899984826,0.30057457413197397,0.39674768979306224,0.0,0.44330139753007824,0.9232987472405423,neural_rr_mrp,0.037412632311637065,shy_privacy_helps,privacy_helps
0.23117033678719537,0.046234067357439075,0.48286108506497627,0.6435934583900711,0.005886106999696494,0.34191151945840104,0.4288212374516699,0.0,0.48286108506497627,0.9507424340368607,mrp_learned_misreport_rr_poststrat,1,-0.03910924806299973,-0.007821849612599949,-0.039559687534898025,-0.040442670720170826,0.09813126200015176,-0.041336945326427066,-0.03207354765860765,0.0,-0.039559687534898025,-0.027443686796318367,1.0,1000,1,1,1,1,0,1,1,0,1,1,0.19206108872419564,0.038412217744839126,0.44330139753007824,0.6031507876699003,0.10401736899984826,0.30057457413197397,0.39674768979306224,0.0,0.44330139753007824,0.9232987472405423,neural_rr_mrp,17.67167484471684,shy_privacy_helps,privacy_helps
0.14041603306657408,0.028083206613314815,0.3863866502559315,0.5230982742419457,0.0012758719999510504,0.2591190505772741,0.3442688809264175,0.0,0.3863866502559315,0.6851686487559179,baseline_rr_debias,0,-0.0531988616925627,-0.01063977233851254,-0.05506713538598712,0.02285669574136684,0.058355480000045645,0.005399477590928514,0.023831458211430345,0.0,-0.05506713538598712,0.16432262900216976,2.0,1000,1,1,1,0,0,0,0,0,1,0,0.08721717137401137,0.017443434274802275,0.3313195148699444,0.5459549699833125,0.059631351999996696,0.2645185281682026,0.36810033913784784,0.0,0.3313195148699444,0.8494912777580876,neural_rr_mrp,46.73772290816358,shy_privacy_helps,privacy_helps
0.08522726115286354,0.01704545223057271,0.393531045933841,0.5633207837403831,0.0028607969998120097,0.2859311160892248,0.38117615581452846,0.0,0.393531045933841,0.8613349825621928,mrp_rr_poststrat,0,0.0019899102211478337,0.00039798204422956604,-0.0622115310638966,-0.01736581375707058,0.056770555000184686,-0.021412587921022186,-0.013075816676680618,0.0,-0.0622115310638966,-0.011843704804105126,2.0,1000,0,0,1,1,0,1,1,0,1,1,0.08721717137401137,0.017443434274802275,0.3313195148699444,0.5459549699833125,0.059631351999996696,0.2645185281682026,0.36810033913784784,0.0,0.3313195148699444,0.8494912777580876,neural_rr_mrp,20.844314365512556,shy_privacy_helps,privacy_helps
0.20773911731451133,0.04154782346290227,0.45746246426304116,0.6278540146253841,1.624954832000185,0.32745428711386215,0.41890490097116934,1.0,0.45746246426304116,0.9331954135967989,mrp_misreport_rr_poststrat,1,-0.12052194594049996,-0.024104389188099994,-0.12614294939309678,-0.08189904464207165,-1.5653234800001883,-0.06293575894565956,-0.05080456183332149,-1.0,-0.12614294939309678,-0.08370413583871128,2.0,1000,1,1,1,1,1,1,1,0,1,1,0.08721717137401137,0.017443434274802275,0.3313195148699444,0.5459549699833125,0.059631351999996696,0.2645185281682026,0.36810033913784784,0.0,0.3313195148699444,0.8494912777580876,neural_rr_mrp,0.0366972366404766,shy_privacy_helps,privacy_helps
0.22426895758798823,0.04485379151759765,0.47588458149164836,0.6382236827458048,0.0034162920001108432,0.3377709093065613,0.42528445640646095,0.0,0.47588458149164836,0.9475157771758584,mrp_learned_misreport_rr_poststrat,1,-0.13705178621397685,-0.027410357242795374,-0.14456506662170399,-0.09226871276249227,0.05621505999988585,-0.07325238113835869,-0.05718411726861311,0.0,-0.14456506662170399,-0.0980244994177708,2.0,1000,1,1,1,1,0,1,1,0,1,1,0.08721717137401137,0.017443434274802275,0.3313195148699444,0.5459549699833125,0.059631351999996696,0.2645185281682026,0.36810033913784784,0.0,0.3313195148699444,0.8494912777580876,neural_rr_mrp,17.454992722537163,shy_privacy_helps,privacy_helps
