avg_age_l1,avg_region_l1,epsilon,learned_honesty,method,n_effective,n_sample,neural_final_loss,overall_l1,overall_linf,overall_mae,p90_age_l1_major,p90_region_l1_major,preset,runtime_sec,scenario,scenario_label,skipped,trial,weighted_age_l1,weighted_region_l1,winner_correct,worst_age_l1,worst_age_l1_major,worst_region_l1,worst_region_l1_major
0.40468601247734126,0.4928873484189753,0.2,,raw_reported_distribution,500,500,,0.16200000000000003,0.05719999999999999,0.032400000000000005,0.6412240840670265,0.7122803919837557,full,0.00045090699995853356,no_bias,no_bias,0,0,0.3789803337405715,0.46237855176483483,0,0.6412240840670265,0.6412240840670265,0.8595945777888323,0.8595945777888323
1.0370039752980083,0.9838056633849376,0.2,,baseline_rr_debias,500,500,,1.010512477149713,0.3213930479387933,0.20210249542994257,1.47117296222664,1.2010178117048347,full,0.0012200959999972838,no_bias,no_bias,0,0,1.0105831676407382,0.9628894414568318,0,1.47117296222664,1.47117296222664,1.4057971014492752,1.4057971014492752
0.29579790194606703,0.3925449826534417,0.2,,mrp_rr_poststrat,500,500,,0.1362523557722568,0.05025400860905646,0.02725047115445136,0.3900525864087801,0.5725877446690536,full,0.0028971820001970627,no_bias,no_bias,0,0,0.2857430320620537,0.396549862408638,1,0.3900525864087801,0.3900525864087801,0.7186299028562353,0.7186299028562353
0.3367066428138679,0.4152984644414743,0.2,,mrp_misreport_rr_poststrat,500,500,,0.21355350896590292,0.07769596138632955,0.04271070179318058,0.46329704984128184,0.633465232685814,full,0.002827409000019543,no_bias,no_bias,0,0,0.33138961369626474,0.42231143062077314,1,0.46329704984128184,0.46329704984128184,0.9369843016151671,0.9369843016151671
0.3459291938420301,0.4196805682931801,0.2,0.7999831758709824,mrp_learned_misreport_rr_poststrat,500,500,,0.23135635369880395,0.08303777940625397,0.04627127073976079,0.4831422216265372,0.6441149613377429,full,0.003433946000313881,no_bias,no_bias,0,0,0.34212387464071253,0.4290672627083072,0,0.4831422216265372,0.4831422216265372,0.9507697037006129,0.9507697037006129
0.35362774223291266,0.4196300037864767,0.2,,neural_rr_mrp,500,500,1.607353687286377,0.2360545010947323,0.10316077659283314,0.04721090021894646,0.4954851023800188,0.6390721090688755,full,0.015153485000155342,no_bias,no_bias,0,0,0.36161686568893414,0.4276107455380398,0,0.4954851023800188,0.4954851023800188,0.7203157515226535,0.7203157515226535
0.2916497793594439,0.494936367520665,0.5,,raw_reported_distribution,500,500,,0.17320000000000002,0.08319999999999998,0.034640000000000004,0.44227112197772345,0.7214611872146118,full,0.00031129199987844913,no_bias,no_bias,0,0,0.2887439141739543,0.45905638104610336,0,0.44227112197772345,0.44227112197772345,0.7665713219748789,0.7665713219748789
0.9059873198574011,0.9360021911970818,0.5,,baseline_rr_debias,500,500,,0.6482152284445329,0.1704,0.12964304568890658,1.0513374355210312,1.2979890310786106,full,0.0010651789998519234,no_bias,no_bias,0,0,0.8881859648342002,0.9246226294847195,0,1.0513374355210312,1.0513374355210312,1.2979890310786106,1.2979890310786106
0.37838896769360103,0.4868094606855253,0.5,,mrp_rr_poststrat,500,500,,0.27787353110611435,0.10694951515793802,0.05557470622122287,0.5077731520320041,0.7724277663155127,full,0.0031522579997727007,no_bias,no_bias,0,0,0.36704565596282485,0.4710506143480539,0,0.5077731520320041,0.5077731520320041,0.9950579645480702,0.9950579645480702
0.33673391071735564,0.4154529020876945,0.5,,mrp_misreport_rr_poststrat,500,500,,0.21292016567845884,0.07793604825998367,0.04258403313569177,0.46259706764643177,0.6328141053239654,full,0.003141937000236794,no_bias,no_bias,0,0,0.3313134438281433,0.42228461458308164,1,0.46259706764643177,0.46259706764643177,0.9370815141194604,0.9370815141194604
0.34582489051792925,0.41985689746976,0.5,0.8001346093365709,mrp_learned_misreport_rr_poststrat,500,500,,0.23080563937178794,0.08315697416432459,0.04616112787435759,0.4824566973452758,0.6439243275884529,full,0.003320542999972531,no_bias,no_bias,0,0,0.34197409499653364,0.42907699339912286,0,0.4824566973452758,0.4824566973452758,0.9505861014574766,0.9505861014574766
0.3639113119964356,0.49455446931669256,0.5,,neural_rr_mrp,500,500,1.604810118675232,0.24957862483404022,0.10414543487122827,0.049915724966808045,0.4659983570774471,0.7685817311466563,full,0.012510641999597283,no_bias,no_bias,0,0,0.360307451107257,0.4826205582059007,0,0.4659983570774471,0.4659983570774471,0.9269624205778921,0.9269624205778921
0.3114908232558673,0.450757698855919,1.0,,raw_reported_distribution,500,500,,0.182,0.08640000000000003,0.0364,0.5268248685970205,0.6374576271186441,full,0.0004144530003031832,no_bias,no_bias,0,0,0.3099088943798947,0.4250377467499586,0,0.5268248685970205,0.5268248685970205,0.6735480661609253,0.6735480661609253
0.7009727405845799,0.752230418685314,1.0,,baseline_rr_debias,500,500,,0.37039068274773057,0.16787673896170577,0.07407813654954612,1.0444104880201146,1.0570622011096,full,0.0011098720001427864,no_bias,no_bias,0,0,0.6931065581828102,0.7103187225310941,0,1.0444104880201146,1.0444104880201146,1.2146118721461185,1.2146118721461185
0.326417454709111,0.43752692880536476,1.0,,mrp_rr_poststrat,500,500,,0.22092495321929456,0.09490201074182988,0.04418499064385891,0.45638564295084355,0.7212481150182627,full,0.0025435809998270997,no_bias,no_bias,0,0,0.31630754911601544,0.4123985826462507,0,0.45638564295084355,0.45638564295084355,0.9186982890979492,0.9186982890979492
0.3360149422082504,0.4157655246525671,1.0,,mrp_misreport_rr_poststrat,500,500,,0.21201602073691872,0.0775168166338678,0.042403204147383744,0.46189638980181896,0.6345404241267137,full,0.0030621429996244842,no_bias,no_bias,0,0,0.33074032147636245,0.422315553433321,0,0.46189638980181896,0.46189638980181896,0.9354491232988184,0.9354491232988184
0.34537912552826006,0.4204179396870686,1.0,0.7995042192770415,mrp_learned_misreport_rr_poststrat,500,500,,0.22980710767848084,0.08274551840590148,0.04596142153569617,0.4815977104999853,0.6453794045692749,full,0.0033919480001713964,no_bias,no_bias,0,0,0.34164977623763026,0.42916258026133564,0,0.4815977104999853,0.4815977104999853,0.9504066010395593,0.9504066010395593
0.3410224565644582,0.46460938174078964,1.0,,neural_rr_mrp,500,500,1.5987330675125122,0.23180985962113718,0.10820880840964722,0.04636197192422743,0.4581906557163737,0.7439113202620617,full,0.012167124999905354,no_bias,no_bias,0,0,0.34660878661110167,0.4487741309349576,0,0.4581906557163737,0.4581906557163737,0.835945811744269,0.835945811744269
0.1673252302823959,0.3510851816433651,2.0,,raw_reported_distribution,500,500,,0.08560000000000002,0.023199999999999985,0.017120000000000003,0.20448736154501568,0.531864406779661,full,0.000449775000106456,no_bias,no_bias,0,0,0.16535917819342333,0.3366454548579627,1,0.20448736154501568,0.20448736154501568,0.5340131824399952,0.5340131824399952
0.2651672599089471,0.48097904742853176,2.0,,baseline_rr_debias,500,500,,0.061058821374832914,0.0206249399699064,0.012211764274966582,0.4327795894333394,0.6789332703393675,full,0.0013790940001854324,no_bias,no_bias,0,0,0.24944533788274087,0.4519673107095237,1,0.4327795894333394,0.4327795894333394,0.9151170363420185,0.9151170363420185
0.29969733795237746,0.38682133133737223,2.0,,mrp_rr_poststrat,500,500,,0.0913068912982941,0.03622345973849296,0.01826137825965882,0.37563248618578104,0.5776926036692259,full,0.0026306160002604884,no_bias,no_bias,0,0,0.2902291415512562,0.38377298615574834,0,0.37563248618578104,0.37563248618578104,0.8335212201358164,0.8335212201358164
0.3310793044926714,0.41176139894357683,2.0,,mrp_misreport_rr_poststrat,500,500,,0.2058283811661479,0.0745404503355145,0.04116567623322958,0.4550696092702531,0.6291174369596678,full,0.002747388999978284,no_bias,no_bias,0,0,0.32562123299277324,0.4182724461865344,1,0.4550696092702531,0.4550696092702531,0.9282189109896025,0.9282189109896025
0.3416544119074707,0.4162848740756029,2.0,0.7970057599858744,mrp_learned_misreport_rr_poststrat,500,500,,0.22422826942567906,0.08092680588540023,0.04484565388513581,0.475492118142418,0.6382684891666995,full,0.003285717999915505,no_bias,no_bias,0,0,0.33743673918241696,0.4253218151418399,1,0.475492118142418,0.475492118142418,0.9439319882503581,0.9439319882503581
0.2699992756049804,0.37591477304276594,2.0,,neural_rr_mrp,500,500,1.5879576206207275,0.08931709221761562,0.02830630954751355,0.017863418443523123,0.33433212500959997,0.552187321762505,full,0.012695453000105772,no_bias,no_bias,0,0,0.2612071076797804,0.3719551931952972,1,0.33433212500959997,0.33433212500959997,0.8176763997493273,0.8176763997493273
0.36884550128841437,0.5092838819389582,0.2,,raw_reported_distribution,406,500,,0.1318857142857143,0.05150344827586209,0.02637714285714286,0.4319788592216349,0.7130124777183601,full,0.0003948319999835803,nonresponse,nonresponse,0,0,0.3716100522965167,0.4583479869465517,0,0.4319788592216349,0.4319788592216349,0.8526315789473684,0.7929782082324455
1.1000460520471325,0.9322051457129392,0.2,,baseline_rr_debias,406,500,,0.4295766419582585,0.1208,0.0859153283916517,1.3164556962025318,1.5889830508474576,full,0.0011047839998354902,nonresponse,nonresponse,0,0,1.1102630137804133,0.8801647455884891,0,1.3164556962025318,1.3164556962025318,1.683794466403162,1.683794466403162
0.30353093934474157,0.375911985439842,0.2,,mrp_rr_poststrat,406,500,,0.12309021492004397,0.039858368757367146,0.024618042984008794,0.3777501024528005,0.5500849339786407,full,0.002448482999625412,nonresponse,nonresponse,0,0,0.29037363458573817,0.3740278460919857,0,0.3777501024528005,0.3777501024528005,0.9036097824374303,0.9036097824374303
0.3366166640170822,0.41525217971215406,0.2,,mrp_misreport_rr_poststrat,406,500,,0.2134323548206651,0.07752766617128974,0.04268647096413302,0.46318658556674136,0.6332219830838606,full,0.002569887000390736,nonresponse,nonresponse,0,0,0.33130661788384735,0.42221447746325486,1,0.46318658556674136,0.46318658556674136,0.9371888441519636,0.9371888441519636
0.34585360386591074,0.4196297661689137,0.2,0.7996767303752701,mrp_learned_misreport_rr_poststrat,406,500,,0.23126898849775654,0.08282400597690336,0.046253797699551305,0.48302182556336165,0.6439441338789453,full,0.0031943660001161334,nonresponse,nonresponse,0,0,0.3420712438638511,0.4289599738691697,0,0.48302182556336165,0.48302182556336165,0.9510925225104367,0.9510925225104367
0.32588325739459373,0.41126055549363705,0.2,,neural_rr_mrp,406,500,1.607843041419983,0.17516283777525168,0.08301120073066443,0.03503256755505034,0.4213575985576911,0.6446285855161252,full,0.011015994999979739,nonresponse,nonresponse,0,0,0.32841473554442313,0.41787162145003626,0,0.4213575985576911,0.4213575985576911,0.8357528617028678,0.8357528617028678
0.3007771316883629,0.5538101349487768,0.5,,raw_reported_distribution,406,500,,0.21777931034482761,0.0810600985221675,0.04355586206896552,0.3987571921749137,0.7070799401695198,full,0.00029847600035282085,nonresponse,nonresponse,0,0,0.3134538629818754,0.5023404645208729,0,0.3987571921749137,0.3987571921749137,1.0421052631578949,0.9554367201426025
0.9352585253492847,0.9754286749873243,0.5,,baseline_rr_debias,406,500,,0.7864054496904809,0.2557616308838203,0.15728108993809617,1.3398058252427183,1.08300395256917,full,0.001006593000056455,nonresponse,nonresponse,0,0,0.9215395975488804,0.9561671879050723,0,1.3398058252427183,1.3398058252427183,1.3991147114560019,1.3991147114560019
0.34714402421572516,0.4383901818726792,0.5,,mrp_rr_poststrat,406,500,,0.28154449901580814,0.10075698599517346,0.05630889980316163,0.44677266780933717,0.605200508694431,full,0.002274229000249761,nonresponse,nonresponse,0,0,0.34186006389260293,0.42672232381105424,0,0.44677266780933717,0.44677266780933717,1.0597613984171081,1.0597613984171081
0.33646156861414633,0.41540512564943505,0.5,,mrp_misreport_rr_poststrat,406,500,,0.21310638873989568,0.0774931586336645,0.042621277747979136,0.4626353504367912,0.6333206561114247,full,0.002497134000350343,nonresponse,nonresponse,0,0,0.3311603325020838,0.4222343736125808,1,0.4626353504367912,0.4626353504367912,0.9373247275284593,0.9373247275284593
0.3458951026555985,0.4199306262256264,0.5,0.799776698869089,mrp_learned_misreport_rr_poststrat,406,500,,0.2313359174680607,0.08292206700664402,0.04626718349361214,0.48296672809546926,0.6443545262162745,full,0.003029346999937843,nonresponse,nonresponse,0,0,0.3421368859876008,0.4291596316205558,0,0.48296672809546926,0.48296672809546926,0.9515047224134421,0.9515047224134421
0.36138006163400443,0.48149351782768096,0.5,,neural_rr_mrp,406,500,1.6048959493637085,0.27618190237881185,0.11486780582178469,0.05523638047576237,0.5004565193745517,0.6926141375123425,full,0.013122103000114294,nonresponse,nonresponse,0,0,0.36253330011735424,0.4759444665757424,0,0.5004565193745517,0.5004565193745517,1.0622312447215714,1.0622312447215714
0.290733780365196,0.41379926942996154,1.0,,raw_reported_distribution,406,500,,0.13041379310344825,0.058892610837438436,0.02608275862068965,0.5095869257495818,0.7130124777183602,full,0.0003228579998904024,nonresponse,nonresponse,0,0,0.2864567897819415,0.3757144959642207,0,0.5095869257495818,0.5095869257495818,0.8876712328767122,0.8876712328767122
0.6051096726427109,0.8013862613075166,1.0,,baseline_rr_debias,406,500,,0.27670599641967486,0.10309751914774268,0.05534119928393497,0.8556047084345157,1.2876712328767121,full,0.0010468269997545576,nonresponse,nonresponse,0,0,0.5859550516112628,0.7704817022612521,0,0.8556047084345157,0.8556047084345157,1.3139963447427558,1.3139963447427558
0.31062517654085825,0.41635749207589884,1.0,,mrp_rr_poststrat,406,500,,0.1732794750750065,0.06920575803518297,0.0346558950150013,0.40812980399928084,0.6721459137496807,full,0.0026319120001971896,nonresponse,nonresponse,0,0,0.2973817298710346,0.39713635356426236,0,0.40812980399928084,0.40812980399928084,0.9065495362893783,0.9065495362893783
0.33499013409433037,0.41457878203850346,1.0,,mrp_misreport_rr_poststrat,406,500,,0.210425847263285,0.07666929334505675,0.042085169452657,0.4603903662287701,0.6321912470699301,full,0.0024555320001127257,nonresponse,nonresponse,0,0,0.3295712124951448,0.42109761615022095,1,0.4603903662287701,0.4603903662287701,0.9344706124597013,0.9344706124597013
0.344702888849091,0.41929467416661287,1.0,0.7989695562308796,mrp_learned_misreport_rr_poststrat,406,500,,0.2297797652700629,0.08216760274983319,0.04595595305401258,0.4818681114063217,0.6446232956440487,full,0.0030989929996394494,nonresponse,nonresponse,0,0,0.34096881618308267,0.42840647771591434,0,0.4818681114063217,0.4818681114063217,0.9489807894605218,0.9489807894605218
0.31021541799208024,0.4188168590200738,1.0,,neural_rr_mrp,406,500,1.5955063104629517,0.15428758081268304,0.07206260856709387,0.030857516162536607,0.40317887533994223,0.6531902065734524,full,0.012077451000095607,nonresponse,nonresponse,0,0,0.3102704445536017,0.40240306129451175,0,0.40317887533994223,0.40317887533994223,0.7968463524943592,0.7968463524943592
0.2470926545237575,0.36696716840497473,2.0,,raw_reported_distribution,406,500,,0.08697733990147787,0.03179901477832514,0.01739546798029557,0.35169218890747644,0.4140767824497257,full,0.0003943370002161828,nonresponse,nonresponse,0,0,0.23315550911145955,0.32749130262458437,0,0.35169218890747644,0.35169218890747644,0.6526315789473685,0.6484018264840182
0.3952094640591426,0.4718617378328272,2.0,,baseline_rr_debias,406,500,,0.12399930183230158,0.06152471636937251,0.024799860366460317,0.5967099243014793,0.6484018264840182,full,0.001187631999982841,nonresponse,nonresponse,0,0,0.3749179468434795,0.4318149311923675,0,0.5967099243014793,0.5967099243014793,0.7608998055366588,0.6613847770838781
0.29265484149725174,0.39144075121282657,2.0,,mrp_rr_poststrat,406,500,,0.08541956439316274,0.03784540515840053,0.01708391287863255,0.4126716227405825,0.5786933686457953,full,0.0026138000002902118,nonresponse,nonresponse,0,0,0.2780899138480425,0.3849156380146742,0,0.4126716227405825,0.4126716227405825,0.8274061004905141,0.8274061004905141
0.330371154949898,0.4122974149437015,2.0,,mrp_misreport_rr_poststrat,406,500,,0.20198897880174138,0.07463480158339673,0.04039779576034828,0.4522896655490011,0.6288835687594494,full,0.0027344759996594803,nonresponse,nonresponse,0,0,0.3246345273783993,0.41788739400300945,0,0.4522896655490011,0.4522896655490011,0.9259290891415711,0.9259290891415711
0.3413493562558045,0.4173975839010877,2.0,0.7972848764016783,mrp_learned_misreport_rr_poststrat,406,500,,0.2222819064191882,0.0811132983015818,0.044456381283837644,0.4740477862310896,0.6401106370480033,full,0.0033606890001465217,nonresponse,nonresponse,0,0,0.33715041030820536,0.42560515661403475,0,0.4740477862310896,0.4740477862310896,0.9430274987600897,0.9430274987600897
0.27101272161627943,0.38727971643841347,2.0,,neural_rr_mrp,406,500,1.5811526775360107,0.11572205828872832,0.032419544102953224,0.023144411657745664,0.3345147432575025,0.5723238409381269,full,0.013524760999644059,nonresponse,nonresponse,0,0,0.26525925737109224,0.38043737483410067,0,0.3345147432575025,0.3345147432575025,0.75373495579862,0.75373495579862
0.3199631215998598,0.4959347458775434,0.2,,raw_reported_distribution,500,500,,0.20959999999999998,0.0692,0.04192,0.4230372181472425,0.7122803919837557,full,0.0003360850000717619,shy_fixed,shy_voter,0,0,0.31892391002047377,0.4855917064485844,0,0.4230372181472425,0.4230372181472425,1.1386643452306928,1.1386643452306928
1.0498063256775143,1.1710334777152307,0.2,,baseline_rr_debias,500,500,,0.8073754132220187,0.3031275732523775,0.16147508264440374,1.4694376528117359,1.7173308925865456,full,0.0010233600000901788,shy_fixed,shy_voter,0,0,1.0496072588258136,1.173980993342386,0,1.4694376528117359,1.4694376528117359,1.7759336099585061,1.7759336099585061
0.3238348932523482,0.3966597616724032,0.2,,mrp_rr_poststrat,500,500,,0.18341325514614581,0.06432885215580461,0.036682651029229164,0.46596377701805963,0.6779570030164421,full,0.0024433600001430023,shy_fixed,shy_voter,0,0,0.32543134849369526,0.41043743924796583,0,0.46596377701805963,0.46596377701805963,0.8330635282206027,0.8330635282206027
0.33689304172304974,0.4154620698713692,0.2,,mrp_misreport_rr_poststrat,500,500,,0.21388802967290424,0.07782501914436783,0.04277760593458085,0.46363708879997434,0.633656941996611,full,0.5687514930000361,shy_fixed,shy_voter,0,0,0.3315987641287909,0.4224822912960879,1,0.46363708879997434,0.46363708879997434,0.9373896895469497,0.9373896895469497
0.3460880966109758,0.41983912749774327,0.2,0.8000711167985736,mrp_learned_misreport_rr_poststrat,500,500,,0.23168522363848448,0.08310509078145588,0.0463370447276969,0.4834585914057807,0.6443272502926515,full,0.0031000130002212245,shy_fixed,shy_voter,0,0,0.34231550070362143,0.4292241141069402,0,0.4834585914057807,0.4834585914057807,0.9511723166542815,0.9511723166542815
0.4100812399710477,0.4926483993657412,0.2,,neural_rr_mrp,500,500,1.607849359512329,0.395797614934521,0.11234594667579162,0.0791595229869042,0.628278096334477,0.8536204805386832,full,0.011320053999952506,shy_fixed,shy_voter,0,0,0.43467183495490164,0.5073388602902287,0,0.628278096334477,0.628278096334477,0.8835828206825037,0.8835828206825037
0.28965640364314876,0.44913032009921644,0.5,,raw_reported_distribution,500,500,,0.19760000000000003,0.0772,0.039520000000000007,0.4580287998009518,0.6697272004943939,full,0.00031533099991065683,shy_fixed,shy_voter,0,0,0.28920310404993954,0.4337594221394579,0,0.4580287998009518,0.4580287998009518,0.9526178336027857,0.9526178336027857
0.9762029001263768,0.9784278876532873,0.5,,baseline_rr_debias,500,500,,0.4058988165073597,0.16288964495220792,0.08117976330147195,1.6405295088797958,1.1124527373887234,full,0.0010621930000525026,shy_fixed,shy_voter,0,0,0.9999026275154315,0.9302352751148173,0,1.6405295088797958,1.6405295088797958,1.4829665590919912,1.3167114051977942
0.3283097729103711,0.44078518306764325,0.5,,mrp_rr_poststrat,500,500,,0.23040008955895908,0.09674616545140746,0.04608001791179182,0.46614289320266367,0.7294132894189176,full,0.002329814999939117,shy_fixed,shy_voter,0,0,0.318548138025403,0.41589071259796623,0,0.46614289320266367,0.46614289320266367,0.9289408012587119,0.9289408012587119
0.3367927265956064,0.41550765954921337,0.5,,mrp_misreport_rr_poststrat,500,500,,0.21349419980055434,0.07791573239577,0.04269883996011087,0.46318203060695134,0.633451595084128,full,2.0764563460002137,shy_fixed,shy_voter,0,0,0.33146304074518346,0.42241828301561946,1,0.46318203060695134,0.46318203060695134,0.9373480268911647,0.9373480268911647
0.3458505742603774,0.41962526386199367,0.5,0.80001446908788,mrp_learned_misreport_rr_poststrat,500,500,,0.23135969726230698,0.08307254729854356,0.0462719394524614,0.48310912386938343,0.6440085873963467,full,0.004988467000202945,shy_fixed,shy_voter,0,0,0.34204474623009495,0.4290109538201113,0,0.48310912386938343,0.48310912386938343,0.95075337057288,0.95075337057288
0.32563732122088296,0.44181061838927377,0.5,,neural_rr_mrp,500,500,1.6068570613861084,0.21800616409795617,0.0858607906117517,0.04360123281959123,0.46156076528734985,0.7137705677658085,full,0.015689628000018274,shy_fixed,shy_voter,0,0,0.3284706421584449,0.4405537736324454,0,0.46156076528734985,0.46156076528734985,0.9518217820074877,0.9518217820074877
0.3275747118100238,0.3556505847419398,1.0,,raw_reported_distribution,500,500,,0.14160000000000006,0.046400000000000025,0.028320000000000012,0.5533822330888345,0.48750155453301836,full,0.0003434370000832132,shy_fixed,shy_voter,0,0,0.3290889254894812,0.35994406869925477,0,0.5533822330888345,0.5533822330888345,0.557457627118644,0.557457627118644
0.698985022262129,0.6448650448598044,1.0,,baseline_rr_debias,500,500,,0.14607440964863844,0.06155580723647873,0.02921488192972769,1.0001904976907854,0.8498727735368958,full,0.0010762490001070546,shy_fixed,shy_voter,0,0,0.6866306144785789,0.6098253520510488,0,1.0001904976907854,1.0001904976907854,1.2506249514136973,1.2506249514136973
0.28439417682612844,0.37283297103894664,1.0,,mrp_rr_poststrat,500,500,,0.08535496639609343,0.026566388884186776,0.017070993279218686,0.4360350251316313,0.5493440375489704,full,0.06671916699997382,shy_fixed,shy_voter,0,0,0.2642471414923668,0.36338729364275935,0,0.4360350251316313,0.4360350251316313,0.8589581881853986,0.8589581881853986
0.33634999128779247,0.4151067639872951,1.0,,mrp_misreport_rr_poststrat,500,500,,0.2130959085720113,0.0774843921262305,0.04261918171440226,0.46319152709047523,0.6331650415587482,full,2.5009954020001715,shy_fixed,shy_voter,0,0,0.33105350109653264,0.42204545682824396,1,0.46319152709047523,0.46319152709047523,0.9362422920678914,0.9362422920678914
0.34495779922390213,0.4189435252657223,1.0,0.7991818638796101,mrp_learned_misreport_rr_poststrat,500,500,,0.2291883236015496,0.08247380673786751,0.045837664720309916,0.4812172916934475,0.6426012438054847,full,0.0036634339999181975,shy_fixed,shy_voter,0,0,0.3410175586104672,0.428078200925462,0,0.4812172916934475,0.4812172916934475,0.9492181459013629,0.9492181459013629
0.29361371647674667,0.3829671378377284,1.0,,neural_rr_mrp,500,500,1.6021562814712524,0.09097774136189389,0.03890306766962237,0.018195548272378778,0.3698693907323511,0.5754281930594216,full,0.015688024999690242,shy_fixed,shy_voter,0,0,0.2855276132363154,0.375915276687402,0,0.3698693907323511,0.3698693907323511,0.801692177747604,0.801692177747604
0.16430237155407731,0.38048308481145937,2.0,,raw_reported_distribution,500,500,,0.057600000000000026,0.016399999999999998,0.011520000000000006,0.22952757129972323,0.5128518971848225,full,0.00033693500017761835,shy_fixed,shy_voter,0,0,0.15456212739924072,0.33482719327873006,1,0.22952757129972323,0.22952757129972323,0.6393675889328063,0.6393675889328063
0.29837446571298193,0.4839663991656084,2.0,,baseline_rr_debias,500,500,,0.18169975987962553,0.0523990578324231,0.03633995197592511,0.5588794253701113,0.7193675889328063,full,0.0010319519997210591,shy_fixed,shy_voter,0,0,0.27324248984164473,0.43672647345971055,1,0.5588794253701113,0.5588794253701113,0.8103182812051084,0.8103182812051084
0.29026765913277713,0.3892487780743052,2.0,,mrp_rr_poststrat,500,500,,0.09824879067242147,0.03196372533738613,0.019649758134484295,0.4259564829453322,0.5938431920830982,full,0.002432990999750473,shy_fixed,shy_voter,0,0,0.2739009299784899,0.37878087347447875,0,0.4259564829453322,0.4259564829453322,0.851939835052758,0.851939835052758
0.3306650397420103,0.411178876868266,2.0,,mrp_misreport_rr_poststrat,500,500,,0.2023281503515734,0.07478992930451557,0.04046563007031468,0.451850652841417,0.6257539791114387,full,1.1073091560001558,shy_fixed,shy_voter,0,0,0.3246932207995105,0.41725286332960787,1,0.451850652841417,0.451850652841417,0.9265721685687396,0.9265721685687396
0.3408011416275866,0.4159831242857123,2.0,0.7972891683269088,mrp_learned_misreport_rr_poststrat,500,500,,0.2204827988123843,0.08112439143148455,0.04409655976247686,0.47161895281548494,0.6359254943338509,full,0.0032801140000628948,shy_fixed,shy_voter,0,0,0.33621573458307713,0.4244423044228497,1,0.47161895281548494,0.47161895281548494,0.941282725418097,0.941282725418097
0.2691957531679194,0.3825487389567504,2.0,,neural_rr_mrp,500,500,1.5821235179901123,0.07964426615933982,0.028249278625859936,0.015928853231867966,0.33202295398621473,0.5645129703988173,full,0.0118338379998022,shy_fixed,shy_voter,0,0,0.2581396711490343,0.3712678462202898,0,0.33202295398621473,0.33202295398621473,0.7875192562547833,0.7875192562547833
0.45337094238875636,0.5387051694005214,0.2,,raw_reported_distribution,406,500,,0.2796689655172414,0.09841182266009853,0.05593379310344828,0.5860292788722212,0.7177359293541866,full,0.00032378500009144773,shy_privacy_helps,privacy_helps,0,0,0.44375957901884844,0.5066049913258203,0,0.5860292788722212,0.5860292788722212,1.1372549019607843,1.1372549019607843
1.295756851966403,1.0859130766303857,0.2,,baseline_rr_debias,406,500,,0.810843777672328,0.2811350959188541,0.16216875553446558,1.512082853855006,1.5555555555555558,full,0.001128278000123828,shy_privacy_helps,privacy_helps,0,0,1.2912000000000001,1.078042857142857,0,1.512082853855006,1.512082853855006,1.8128342245989304,1.8128342245989304
0.41823071067808026,0.4537672248054412,0.2,,mrp_rr_poststrat,406,500,,0.3420997990161181,0.11082697705328463,0.06841995980322362,0.5939355651440422,0.6944503647426801,full,0.002456611000070552,shy_privacy_helps,privacy_helps,0,0,0.41364751875698563,0.48536286144554613,1,0.5939355651440422,0.5939355651440422,0.9942068085472853,0.9942068085472853
0.33708842221514734,0.4155502734240026,0.2,,mrp_misreport_rr_poststrat,406,500,,0.21434307063017655,0.07792529377505204,0.042868614126035307,0.464097423774392,0.6339610719233463,full,0.639794701000028,shy_privacy_helps,privacy_helps,0,0,0.3318265660633366,0.42263920380039205,1,0.464097423774392,0.464097423774392,0.9375514970201295,0.9375514970201295
0.3461740751625458,0.4198690325442563,0.2,0.8002410488188894,mrp_learned_misreport_rr_poststrat,406,500,,0.23183102296901745,0.08320838364056944,0.04636620459380349,0.4836005004699335,0.6444510624507858,full,0.00366744299981292,shy_privacy_helps,privacy_helps,0,0,0.3424012422392725,0.4292900650512423,0,0.4836005004699335,0.4836005004699335,0.9510678095256995,0.9510678095256995
0.47678756295005265,0.5169384719292792,0.2,,neural_rr_mrp,406,500,1.6072460412979126,0.4345063306310607,0.12987692368315948,0.08690126612621214,0.689063309030471,0.8714073741364263,full,0.012063065999882383,shy_privacy_helps,privacy_helps,0,0,0.4883028785003731,0.5420861112526953,0,0.689063309030471,0.689063309030471,0.9414322216562961,0.9414322216562961
0.2836864409089967,0.4214688331816377,0.5,,raw_reported_distribution,406,500,,0.22055566502463056,0.0811704433497537,0.04411113300492611,0.3924205378973105,0.5115753811405985,full,0.00032754699986980995,shy_privacy_helps,privacy_helps,0,0,0.29890681334351926,0.4018991182498637,0,0.3924205378973105,0.3924205378973105,0.5918003565062389,0.5918003565062389
0.7656271643061471,0.8456054791374853,0.5,,baseline_rr_debias,406,500,,0.6040970063641058,0.2342651659704649,0.12081940127282116,0.9259332345624423,1.2370624883800094,full,0.001006720000077621,shy_privacy_helps,privacy_helps,0,0,0.7763108431027883,0.8365154617884836,0,0.9259332345624423,0.9259332345624423,1.2370624883800094,1.2370624883800094
0.38878870995148523,0.4730721437763759,0.5,,mrp_rr_poststrat,406,500,,0.27900968166589735,0.10426405415832997,0.05580193633317947,0.5611381960490804,0.7691050600337784,full,0.0024812939996081695,shy_privacy_helps,privacy_helps,0,0,0.39394882959127425,0.4771551211059093,0,0.5611381960490804,0.5611381960490804,0.9133474759080193,0.9133474759080193
0.33699140309559233,0.415766732456639,0.5,,mrp_misreport_rr_poststrat,406,500,,0.21420140637989857,0.07789423629883653,0.04284028127597971,0.4638866395060419,0.6342447776179234,full,1.5003386969997337,shy_privacy_helps,privacy_helps,0,0,0.3317610733787918,0.4227308498141504,1,0.4638866395060419,0.4638866395060419,0.9375381122227298,0.9375381122227298
0.34620910764237384,0.42022931454215656,0.5,0.8002674758279714,mrp_learned_misreport_rr_poststrat,406,500,,0.23166821397786694,0.0832790546957652,0.046333642795573386,0.4832896793106739,0.6445786754240435,full,0.08026705100019171,shy_privacy_helps,privacy_helps,0,0,0.34244787946528266,0.42945727574593257,0,0.4832896793106739,0.4832896793106739,0.9515639142040393,0.9515639142040393
0.3803017850422353,0.4780866907404944,0.5,,neural_rr_mrp,406,500,1.605339527130127,0.3384999616723539,0.10635922397139266,0.06769999233447078,0.58142241746942,0.792522648676468,full,0.20680397100022674,shy_privacy_helps,privacy_helps,0,0,0.40023185000682454,0.4800603525898468,0,0.58142241746942,0.58142241746942,0.7926901494420219,0.7926901494420219
0.30833708461428005,0.42502643274364943,1.0,,raw_reported_distribution,406,500,,0.10725517241379308,0.041761576354679794,0.021451034482758615,0.4042110970540394,0.6027707096409386,full,0.00043869799992535263,shy_privacy_helps,privacy_helps,0,0,0.29612589986552834,0.38839703637668993,1,0.4042110970540394,0.4042110970540394,0.7130124777183602,0.7130124777183602
0.5562368112013009,0.7833997703612527,1.0,,baseline_rr_debias,406,500,,0.2965480365053228,0.09375802916915466,0.05930960730106456,0.8378247211556946,1.0249625356041978,full,0.0012094250000700413,shy_privacy_helps,privacy_helps,0,0,0.5531406116036117,0.7701317792804707,1,0.8378247211556946,0.8378247211556946,1.3435114503816794,1.3435114503816794
0.3039067990996394,0.37743272310368187,1.0,,mrp_rr_poststrat,406,500,,0.1589057912319899,0.05888720680177212,0.031781158246397975,0.5557236536655937,0.536889685822998,full,0.0026361179998275475,shy_privacy_helps,privacy_helps,0,0,0.27559037771522993,0.3679624554783106,0,0.5557236536655937,0.5557236536655937,0.8997597956960214,0.8997597956960214
0.3362661918107616,0.4145298590608444,1.0,,mrp_misreport_rr_poststrat,406,500,,0.2124199459243011,0.07746644620046571,0.042483989184860224,0.4620680693958141,0.6311190146560027,full,2.3159248289998686,shy_privacy_helps,privacy_helps,0,0,0.33074502465904926,0.42147561839128045,1,0.4620680693958141,0.4620680693958141,0.9368375720172335,0.9368375720172335
0.3450430436953796,0.41865996251683174,1.0,0.7992522870039743,mrp_learned_misreport_rr_poststrat,406,500,,0.22879029231946846,0.08250244839835043,0.04575805846389369,0.4804101713337766,0.6408832131580545,full,0.003249013000186096,shy_privacy_helps,privacy_helps,0,0,0.3409433681679796,0.427717394348285,0,0.4804101713337766,0.4804101713337766,0.9504714918937114,0.9504714918937114
0.28665001451817285,0.3792890238399092,1.0,,neural_rr_mrp,406,500,1.5978877544403076,0.1258134539232897,0.03902930725910356,0.025162690784657937,0.39575842604704414,0.5140279317347637,full,0.08574828700011494,shy_privacy_helps,privacy_helps,0,0,0.27091654679656674,0.37194286247008135,1,0.39575842604704414,0.39575842604704414,0.8892995687833657,0.8892995687833657
0.23547914224762434,0.3775784206682961,2.0,,raw_reported_distribution,406,500,,0.0955251231527094,0.04294679802955667,0.01910502463054188,0.3583047171516357,0.48767123287671227,full,0.0003070860002480913,shy_privacy_helps,privacy_helps,0,0,0.22517751882379744,0.3606428492846124,0,0.3583047171516357,0.3583047171516357,0.7130124777183601,0.7130124777183601
0.40738685584261564,0.5081895168004168,2.0,,baseline_rr_debias,406,500,,0.2118115291105443,0.0926777731889332,0.042362305822108856,0.704308283368901,0.6016967069576401,full,0.0010492500000509608,shy_privacy_helps,privacy_helps,0,0,0.3870400379065644,0.49354692532802935,0,0.704308283368901,0.704308283368901,0.6352274060725895,0.6352274060725895
0.2843131002050008,0.38878689450991705,2.0,,mrp_rr_poststrat,406,500,,0.08082004207074643,0.03291960524022579,0.016164008414149285,0.41346536603410017,0.5825908371894543,full,0.0024538970001231064,shy_privacy_helps,privacy_helps,0,0,0.267669877460599,0.38031947935521604,1,0.41346536603410017,0.41346536603410017,0.8396499477685455,0.8396499477685455
0.33277436280991884,0.4131114173405343,2.0,,mrp_misreport_rr_poststrat,406,500,,0.20447044637087966,0.07546271089411087,0.040894089274175933,0.4539658142416162,0.6246020463025874,full,1.3325390370000605,shy_privacy_helps,privacy_helps,0,0,0.3266952019581873,0.4185492329250586,0,0.4539658142416162,0.4539658142416162,0.935396787706696,0.935396787706696
0.3409007495834726,0.41637747755960614,2.0,0.7962580629292758,mrp_learned_misreport_rr_poststrat,406,500,,0.22026361332541428,0.08028605201002388,0.04405272266508285,0.4715001932672015,0.6339634475695657,full,0.002971895999962726,shy_privacy_helps,privacy_helps,0,0,0.33619299409587894,0.4242043760540463,1,0.4715001932672015,0.4715001932672015,0.9470325710350619,0.9470325710350619
0.26309911114037693,0.38319708953551307,2.0,,neural_rr_mrp,406,500,1.5778942108154297,0.09460184818428348,0.03799825523513761,0.018920369636856695,0.35278718896165795,0.5992339344126005,full,0.014623776999997062,shy_privacy_helps,privacy_helps,0,0,0.24845507567258157,0.36926397400294575,0,0.35278718896165795,0.35278718896165795,0.8400970324487927,0.8400970324487927
0.31443993692278815,0.47594785948387974,0.2,,raw_reported_distribution,1000,1000,,0.1656,0.0692,0.03312,0.5246245197345442,0.6356846473029045,full,0.0006260820000534295,no_bias,no_bias,0,0,0.3091196488237757,0.4702321960112277,0,0.5246245197345442,0.5246245197345442,0.7339719970523214,0.7339719970523214
1.0426886017082706,1.0925304831523903,0.2,,baseline_rr_debias,1000,1000,,0.6161261442484668,0.24608937933665692,0.12322522884969336,1.3292965781403532,1.419847328244275,full,0.0010948029998871789,no_bias,no_bias,0,0,1.041378067171842,1.0560193457068945,0,1.3292965781403532,1.3292965781403532,1.4546673906816727,1.4546673906816727
0.28677049860058673,0.3857771625446713,0.2,,mrp_rr_poststrat,1000,1000,,0.07567722603082659,0.03783861457109451,0.015135445206165318,0.42834697592685045,0.5593479169943071,full,0.0029244150000522495,no_bias,no_bias,0,0,0.2689724988758564,0.3814645838141441,1,0.42834697592685045,0.42834697592685045,0.8036239942844539,0.8036239942844539
0.3367670759772709,0.4153234793337804,0.2,,mrp_misreport_rr_poststrat,1000,1000,,0.21364439327968668,0.07771788798390282,0.04272887865593734,0.4634301054533044,0.6332745201567137,full,0.00368451600024855,no_bias,no_bias,0,0,0.33144753578929054,0.4223268278091776,1,0.4634301054533044,0.4634301054533044,0.937246783198296,0.937246783198296
0.3459514071919567,0.41976469416011547,0.2,0.7999626252402563,mrp_learned_misreport_rr_poststrat,1000,1000,,0.231339392982146,0.08302836723203476,0.0462678785964292,0.4831621789132267,0.6441018745936996,full,0.00801187100023526,no_bias,no_bias,0,0,0.3421525545236922,0.4291007832505509,0,0.4831621789132267,0.4831621789132267,0.9509554592986704,0.9509554592986704
0.3168118950345094,0.41149637240058823,0.2,,neural_rr_mrp,1000,1000,1.608924388885498,0.19185755160442924,0.0636288995464834,0.03837151032088585,0.4322865184988227,0.6724815130671998,full,0.013386226999955397,no_bias,no_bias,0,0,0.3197089161094881,0.4143965927387426,0,0.4322865184988227,0.4322865184988227,0.7372381475976499,0.7372381475976499
0.36260030928885784,0.42888368135725013,0.5,,raw_reported_distribution,1000,1000,,0.21760000000000002,0.0962,0.04352,0.4698676627106051,0.656737278881852,full,0.0004984880001757119,no_bias,no_bias,0,0,0.3537305698901027,0.42185855124739896,0,0.4698676627106051,0.4698676627106051,1.029029793735676,1.029029793735676
0.7508513610836364,0.8867967198081818,0.5,,baseline_rr_debias,1000,1000,,0.5515884614595674,0.22722699701562787,0.11031769229191349,1.1529921712979796,1.2276813588750861,full,0.001157619999958115,no_bias,no_bias,0,0,0.7481072624009037,0.8709259827020913,0,1.1529921712979796,1.1529921712979796,1.6144913089362882,1.6144913089362882
0.36433135737729244,0.4448794613416985,0.5,,mrp_rr_poststrat,1000,1000,,0.23743550452589987,0.1187177532196045,0.04748710090517998,0.4847122353481251,0.6326645757090996,full,0.0025913340000442986,no_bias,no_bias,0,0,0.35074442781209947,0.45158745684027674,0,0.4847122353481251,0.4847122353481251,0.9320961916669805,0.9320961916669805
0.33704721888147327,0.4155818959789151,0.5,,mrp_misreport_rr_poststrat,1000,1000,,0.21408419693503877,0.07798209008694455,0.042816839387007755,0.4637298015127007,0.6339132548797319,full,0.0028354149999358924,no_bias,no_bias,0,0,0.3317632434000975,0.42260652001988064,1,0.4637298015127007,0.4637298015127007,0.9374669181909964,0.9374669181909964
0.3460179263657152,0.4197773322114195,0.5,0.8002017777344843,mrp_learned_misreport_rr_poststrat,1000,1000,,0.231138307390619,0.08322418231587662,0.0462276614781238,0.48274147968283343,0.6438066861984224,full,0.003257673000007344,no_bias,no_bias,0,0,0.3421704487704058,0.42908844173814803,0,0.48274147968283343,0.48274147968283343,0.9509268069879593,0.9509268069879593
0.39618747660212233,0.48711295667475835,0.5,,neural_rr_mrp,1000,1000,1.6080232858657837,0.2847693616427074,0.1353686196732929,0.056953872328541474,0.526510075459477,0.7773676865796328,full,0.01216746999989482,no_bias,no_bias,0,0,0.39897453772603886,0.49521174798774514,0,0.526510075459477,0.526510075459477,0.9508444581974975,0.9508444581974975
0.31740118727441197,0.3318292667272403,1.0,,raw_reported_distribution,1000,1000,,0.1696,0.056199999999999986,0.03392,0.4997797992376497,0.5766488413547237,full,0.00037239200037220144,no_bias,no_bias,0,0,0.31083430336379325,0.3506954921694435,1,0.4997797992376497,0.4997797992376497,0.7409478051976415,0.7409478051976415
0.5758672830602137,0.5356925260760433,1.0,,baseline_rr_debias,1000,1000,,0.1564918474042643,0.06751860241215957,0.031298369480852864,0.7235393617742372,0.6984867543512405,full,0.0010545899999669928,no_bias,no_bias,0,0,0.5740434176755427,0.530895687320162,1,0.7235393617742372,0.7235393617742372,1.047251335128866,1.047251335128866
0.3028007563144104,0.4023671907651783,1.0,,mrp_rr_poststrat,1000,1000,,0.1561608529150486,0.05524853796958924,0.03123217058300972,0.4146070177404979,0.6035269109292645,full,0.002404858999852877,no_bias,no_bias,0,0,0.29487923488020895,0.4057864222586155,0,0.4146070177404979,0.4146070177404979,0.7786527951372499,0.7786527951372499
0.33628423151993186,0.41476984397928374,1.0,,mrp_misreport_rr_poststrat,1000,1000,,0.21321209931709686,0.07751273150255998,0.04264241986341937,0.4632112531367987,0.6333398856625552,full,0.0029703200002586527,no_bias,no_bias,0,0,0.33094523206435816,0.4218820673110052,1,0.4632112531367987,0.4632112531367987,0.9355423806218194,0.9355423806218194
0.3451240766777996,0.4191199593294725,1.0,0.7993175779316217,mrp_learned_misreport_rr_poststrat,1000,1000,,0.2299854093120674,0.0825682140974283,0.04599708186241348,0.48180771996735583,0.6437726881642303,full,0.002982184000302368,no_bias,no_bias,0,0,0.341272539780792,0.4283614454708676,0,0.48180771996735583,0.48180771996735583,0.9494349242843012,0.9494349242843012
0.3624646652256563,0.4266732765771312,1.0,,neural_rr_mrp,1000,1000,1.6054280996322632,0.2833211111215843,0.0889626106377907,0.056664222224316864,0.544259612587027,0.7772193181650626,full,0.012645017000068037,no_bias,no_bias,0,0,0.3742243300514359,0.44009049286272556,0,0.544259612587027,0.544259612587027,0.7833745492364639,0.7833745492364639
0.20458231055382936,0.24721876022743716,2.0,,raw_reported_distribution,1000,1000,,0.1236,0.036599999999999994,0.02472,0.28859967501404726,0.33199033037872683,full,0.0003764570001294487,no_bias,no_bias,0,0,0.20189492100689072,0.23813321987044528,1,0.28859967501404726,0.28859967501404726,0.36236312706900947,0.36236312706900947
0.17787703887375986,0.29562569454475635,2.0,,baseline_rr_debias,1000,1000,,0.08415623499247651,0.042078117496238326,0.0168312469984953,0.3247609422884477,0.4279834717571024,full,0.0011378770000192162,no_bias,no_bias,0,0,0.17855593105936385,0.2671856052706532,1,0.3247609422884477,0.3247609422884477,0.5242739738016738,0.5242739738016738
0.31367050728971607,0.3798625727317047,2.0,,mrp_rr_poststrat,1000,1000,,0.15097766736745835,0.04245835673809051,0.03019553347349167,0.4127575606654209,0.5489209498669102,full,0.002813518000039039,no_bias,no_bias,0,0,0.30212563324570657,0.3849934074997902,1,0.4127575606654209,0.4127575606654209,0.9090668414445485,0.9090668414445485
0.3323761676759957,0.41160151992995453,2.0,,mrp_misreport_rr_poststrat,1000,1000,,0.20797887401200787,0.07394978303499657,0.04159577480240158,0.4577477210122861,0.6274916764460433,full,0.003062969999973575,no_bias,no_bias,0,0,0.3268615037849351,0.41815873385778746,1,0.4577477210122861,0.4577477210122861,0.932646638857583,0.932646638857583
0.34366268960739527,0.41709321060698584,2.0,0.7981639220197538,mrp_learned_misreport_rr_poststrat,1000,1000,,0.22821445953882025,0.08167920446535114,0.04564289190776405,0.47949607948293793,0.6392869876917676,full,0.003317490999961592,no_bias,no_bias,0,0,0.3395687881029795,0.42646324395848945,0,0.47949607948293793,0.47949607948293793,0.9472793701647915,0.9472793701647915
0.29888926109733266,0.3840179522019143,2.0,,neural_rr_mrp,1000,1000,1.5959947109222412,0.14601466928378326,0.042972827958039556,0.029202933856756652,0.3926830186042837,0.6074056597314461,full,0.012264321000202472,no_bias,no_bias,0,0,0.2973428230279164,0.38513734875497463,0,0.3926830186042837,0.3926830186042837,0.8272932766119448,0.8272932766119448
0.2921348451129458,0.4206236597620199,0.2,,raw_reported_distribution,854,1000,,0.17872412177985955,0.05484402810304449,0.03574482435597191,0.4120072100369425,0.5837033167928963,full,0.00039393999986714334,nonresponse,nonresponse,0,0,0.2801208899583155,0.40102555120823835,1,0.4120072100369425,0.4120072100369425,1.0576012223071047,1.0576012223071047
0.9159446009166946,0.8753851190275976,0.2,,baseline_rr_debias,854,1000,,1.124002992625111,0.49449821004584943,0.22480059852502218,1.1408662165522026,1.4689112669668474,full,0.0011359610002728004,nonresponse,nonresponse,0,0,0.8971907939910946,0.8879732540181011,1,1.1408662165522026,1.1408662165522026,1.4689112669668474,1.4689112669668474
0.3117499358301099,0.38014451511358577,0.2,,mrp_rr_poststrat,854,1000,,0.1311588279426098,0.0655794133067131,0.02623176558852196,0.49374808071858844,0.5282116480021851,full,0.0025798540000323555,nonresponse,nonresponse,0,0,0.29278670663833617,0.382856766307354,1,0.49374808071858844,0.49374808071858844,0.8898375715642051,0.8898375715642051
0.3367673764994495,0.41520998610470666,0.2,,mrp_misreport_rr_poststrat,854,1000,,0.2137289313393659,0.07770192262169144,0.04274578626787318,0.4635055881931402,0.6330713755706767,full,0.003265714000008302,nonresponse,nonresponse,0,0,0.3314352441349452,0.4222670595927582,1,0.4635055881931402,0.4635055881931402,0.9373261119981389,0.9373261119981389
0.3459227901994744,0.41965004568625924,0.2,0.7999652861751104,mrp_learned_misreport_rr_poststrat,854,1000,,0.23138073716425275,0.08303033222999938,0.04627614743285055,0.48315366144467325,0.6439831085273072,full,0.0041118640001513995,nonresponse,nonresponse,0,0,0.3421173426664945,0.42904405346184393,0,0.48315366144467325,0.48315366144467325,0.9508467163973696,0.9508467163973696
0.30479558404093865,0.39339284981203626,0.2,,neural_rr_mrp,854,1000,1.6086753606796265,0.15834288602601398,0.0685755331344638,0.031668577205202796,0.40430283464619254,0.619242879027015,full,0.014059288000225934,nonresponse,nonresponse,0,0,0.30111359137254023,0.40446066773149464,1,0.40430283464619254,0.40430283464619254,0.8075706594669928,0.8075706594669928
0.36770595382317284,0.48625780336519436,0.5,,raw_reported_distribution,854,1000,,0.26303325526932086,0.09231475409836064,0.052606651053864174,0.5141969910588402,0.6606846473029045,full,0.0005430320002233202,nonresponse,nonresponse,0,0,0.3617368341133509,0.47169701864987396,0,0.5141969910588402,0.5141969910588402,0.971886936592819,0.971886936592819
0.8830053737791296,0.9349534258346531,0.5,,baseline_rr_debias,854,1000,,0.6132087260095306,0.1933963332811015,0.12264174520190611,1.3928062492147306,1.2737684006537355,full,0.0016162110000550456,nonresponse,nonresponse,0,0,0.8794244355002083,0.9428059083060978,0,1.3928062492147306,1.3928062492147306,1.2737684006537355,1.2737684006537355
0.4021943522491102,0.4888042517195815,0.5,,mrp_rr_poststrat,854,1000,,0.33850010240376,0.1122160452336073,0.067700020480752,0.5874432705725318,0.7899768819329155,full,0.003533641000103671,nonresponse,nonresponse,0,0,0.4082740222722292,0.5006630819171667,0,0.5874432705725318,0.5874432705725318,1.0187346335241503,1.0187346335241503
0.33721028298802946,0.4157161452376736,0.5,,mrp_misreport_rr_poststrat,854,1000,,0.21461549641289238,0.0780145043372381,0.042923099282578474,0.46440902351672597,0.6342955156920245,full,0.0038260970000010275,nonresponse,nonresponse,0,0,0.33197250467642425,0.4228048335701319,1,0.46440902351672597,0.46440902351672597,0.9377232319719316,0.9377232319719316
0.3465300559897681,0.42013848012227917,0.5,0.800451461874933,mrp_learned_misreport_rr_poststrat,854,1000,,0.2322638966124155,0.0834264000657584,0.0464527793224831,0.48398170457618545,0.6443405760446206,full,0.004952824000156397,nonresponse,nonresponse,0,0,0.3427548680320425,0.4295407863909791,0,0.48398170457618545,0.48398170457618545,0.9519118727372682,0.9519118727372682
0.34233143660363025,0.4298641351850246,0.5,,neural_rr_mrp,854,1000,1.6088201999664307,0.254908148046451,0.0808768410673552,0.0509816296092902,0.4921681035206211,0.694477648789393,full,0.014487802000076044,nonresponse,nonresponse,0,0,0.3414397645378397,0.4409645504427527,0,0.4921681035206211,0.4921681035206211,0.9385917837721416,0.9385917837721416
0.34192192387201237,0.330581151211042,1.0,,raw_reported_distribution,854,1000,,0.12661826697892276,0.04177236533957848,0.025323653395784552,0.5777131333321435,0.4606846473029046,full,0.00033273899998675915,nonresponse,nonresponse,0,0,0.34344301798807053,0.3256044740103614,0,0.5777131333321435,0.5777131333321435,0.6576012223071046,0.6576012223071046
0.6612289534907021,0.5846064349546761,1.0,,baseline_rr_debias,854,1000,,0.2903334441321631,0.1208,0.05806668882643262,1.1602781092368009,0.731815916677204,full,0.0012115099998482037,nonresponse,nonresponse,0,0,0.6583077570817061,0.5590964736280057,0,1.1602781092368009,1.1602781092368009,0.7413881552393908,0.7413881552393908
0.2981463141431157,0.3902885056338004,1.0,,mrp_rr_poststrat,854,1000,,0.10821766724288466,0.04428818925321103,0.021643533448576932,0.4064463040167484,0.5695331842016382,full,0.0030325379998430435,nonresponse,nonresponse,0,0,0.28630423065125943,0.38887520381510254,1,0.4064463040167484,0.4064463040167484,0.79637341002092,0.79637341002092
0.3351464088628227,0.41442952501881863,1.0,,mrp_misreport_rr_poststrat,854,1000,,0.21165714368803162,0.07635852617599377,0.04233142873760633,0.46122819992941866,0.6333160345183468,full,0.0032274740001412283,nonresponse,nonresponse,0,0,0.3299267859866396,0.4212244215170155,1,0.46122819992941866,0.46122819992941866,0.9347123330110545,0.9347123330110545
0.3449886583139275,0.41883059296175545,1.0,0.7988124899139548,mrp_learned_misreport_rr_poststrat,854,1000,,0.2299219651474576,0.0821801544513036,0.04598439302949152,0.4817179592171059,0.6430895233024716,full,0.0036220560000401747,nonresponse,nonresponse,0,0,0.3411723783192848,0.42810064236362433,0,0.4817179592171059,0.4817179592171059,0.9495174122488248,0.9495174122488248
0.3283696730852242,0.3992750407076258,1.0,,neural_rr_mrp,854,1000,1.602957844734192,0.20403270450729175,0.07573272381731297,0.04080654090145835,0.46825087535313237,0.678671852706998,full,0.0144387390000702,nonresponse,nonresponse,0,0,0.33339877188029293,0.4077186978524668,0,0.46825087535313237,0.46825087535313237,0.7400447506989888,0.7400447506989888
0.19728735551568952,0.2394383642421818,2.0,,raw_reported_distribution,854,1000,,0.10052177985948478,0.04430538641686181,0.020104355971896956,0.28574233041243546,0.4199965178027335,full,0.00034122400029446,nonresponse,nonresponse,0,0,0.19545520977151368,0.23694401508956284,1,0.28574233041243546,0.28574233041243546,0.4861726508785333,0.4861726508785333
0.19380008777058114,0.2841508122603911,2.0,,baseline_rr_debias,854,1000,,0.07712307528809374,0.02156426454065133,0.01542461505761875,0.29324246375677454,0.4124793231163149,full,0.0010959710002680367,nonresponse,nonresponse,0,0,0.20138187826812434,0.26155221472192997,1,0.29324246375677454,0.29324246375677454,0.5631746727054348,0.4673481370535074
0.2827258499294382,0.37622469331061265,2.0,,mrp_rr_poststrat,854,1000,,0.07573295156359676,0.03373207253515721,0.015146590312719352,0.44646255686790287,0.544384009599433,full,0.002431670999612834,nonresponse,nonresponse,0,0,0.26398032774329183,0.3683941508233547,1,0.44646255686790287,0.44646255686790287,0.8381940772667288,0.8381940772667288
0.3332181078807436,0.41284062788680315,2.0,,mrp_misreport_rr_poststrat,854,1000,,0.20676889395624232,0.07602906976309488,0.04135377879124846,0.4567015939828233,0.626872359152542,full,0.0029693290002796857,nonresponse,nonresponse,0,0,0.3274124832733585,0.4190971018359397,1,0.4567015939828233,0.4567015939828233,0.9322210188766105,0.9322210188766105
0.34313520544895737,0.41741535178391714,2.0,0.7984953600432265,mrp_learned_misreport_rr_poststrat,854,1000,,0.2252914882663391,0.08195743563253334,0.04505829765326782,0.47686090067089715,0.6378316120695503,full,0.0034438120001141215,nonresponse,nonresponse,0,0,0.3387753829087618,0.42616683803445726,0,0.47686090067089715,0.47686090067089715,0.9468240814293348,0.9468240814293348
0.2792101041403087,0.38436310507533006,2.0,,neural_rr_mrp,854,1000,1.597508430480957,0.12422327031087331,0.04386874828424067,0.024844654062174662,0.35471907880432996,0.5620705082454374,full,0.014042503999917244,nonresponse,nonresponse,0,0,0.26605385582777047,0.3725204194963942,0,0.35471907880432996,0.35471907880432996,0.8887018060949803,0.8887018060949803
0.3245386024698058,0.41895937653102683,0.2,,raw_reported_distribution,1000,1000,,0.20560000000000006,0.08220000000000001,0.04112000000000001,0.42524563774696644,0.6356846473029046,full,0.00044112899968240527,shy_fixed,shy_voter,0,0,0.31752748171463274,0.4108363792388737,0,0.42524563774696644,0.42524563774696644,0.9337916984975809,0.9337916984975809
1.2540201975518122,1.0948514384315453,0.2,,baseline_rr_debias,1000,1000,,0.8004000000000001,0.2298,0.16008000000000003,1.456242707117853,1.2773536895674302,full,0.0013170920001357445,shy_fixed,shy_voter,0,0,1.2509068894582676,1.0771854729671881,0,1.456242707117853,1.456242707117853,1.3948831723881105,1.3948831723881105
0.36818689014464495,0.4328522260306884,0.2,,mrp_rr_poststrat,1000,1000,,0.2733154449284077,0.09533010694086551,0.05466308898568154,0.5627063524355708,0.6244717440804687,full,0.0025910980002663564,shy_fixed,shy_voter,0,0,0.34651833658218384,0.43071098138689995,0,0.5627063524355708,0.5627063524355708,1.0284272595283819,1.0284272595283819
0.3368997462121009,0.4153312349193992,0.2,,mrp_misreport_rr_poststrat,1000,1000,,0.2137631367951935,0.07782837189907717,0.042752627359038696,0.4635086607036447,0.6330887126237652,full,0.6379748750000545,shy_fixed,shy_voter,0,0,0.33156092984988583,0.42235351745472827,1,0.4635086607036447,0.4635086607036447,0.9375503489792667,0.9375503489792667
0.3459914235138986,0.4196988172588949,0.2,0.8000331646838984,mrp_learned_misreport_rr_poststrat,1000,1000,,0.23138495242379473,0.08307091411980545,0.046276990484758945,0.4831328347791417,0.6438391590682501,full,0.003389796000192291,shy_fixed,shy_voter,0,0,0.3421746912387521,0.42906228206335134,0,0.4831328347791417,0.4831328347791417,0.951097515386346,0.951097515386346
0.34463573691516297,0.4424173501696207,0.2,,neural_rr_mrp,1000,1000,1.6094834804534912,0.2052259619784981,0.09000742637659419,0.04104519239569962,0.465086109151277,0.689962186888624,full,0.014473057000031986,shy_fixed,shy_voter,0,0,0.34211081340297195,0.44244139228234025,0,0.465086109151277,0.465086109151277,0.9164335455040783,0.9164335455040783
0.34755683972840273,0.40604208768128536,0.5,,raw_reported_distribution,1000,1000,,0.17559999999999998,0.0702,0.03512,0.45009035824386096,0.4980237154150198,full,0.00038176399993972154,shy_fixed,shy_voter,0,0,0.33764401018940443,0.38381308359004745,0,0.45009035824386096,0.45009035824386096,0.814744079449962,0.814744079449962
0.7898398892167707,0.792029517852192,0.5,,baseline_rr_debias,1000,1000,,0.2391045857775757,0.1187195266029438,0.04782091715551514,1.1161990947571443,1.0372169880384567,full,0.0015564929999527521,shy_fixed,shy_voter,0,0,0.77649756292287,0.7356630785254115,0,1.1161990947571443,1.1161990947571443,1.3541667747923372,1.3359683794466406
0.3031385940271281,0.3757089289478748,0.5,,mrp_rr_poststrat,1000,1000,,0.12211696326136591,0.04084111016988755,0.024423392652273182,0.41752012453188236,0.5575180585762771,full,0.0034055569999509316,shy_fixed,shy_voter,0,0,0.2882110688447952,0.37754886904358864,1,0.41752012453188236,0.41752012453188236,0.8778158273687338,0.8778158273687338
0.33691740237020557,0.4153744861055331,0.5,,mrp_misreport_rr_poststrat,1000,1000,,0.21359725512705327,0.07782735628301947,0.04271945102541065,0.46342776466400504,0.632996785176724,full,2.322830724999676,shy_fixed,shy_voter,0,0,0.33155818046533225,0.4223217487201945,1,0.46342776466400504,0.46342776466400504,0.9375847821942855,0.9375847821942855
0.34591930512331354,0.41960446181182404,0.5,0.7999442613529667,mrp_learned_misreport_rr_poststrat,1000,1000,,0.23102522704505274,0.08301096861898193,0.04620504540901055,0.4828189131412584,0.6433672342949146,full,0.005095450000226265,shy_fixed,shy_voter,0,0,0.34206501171351006,0.4289031787632225,0,0.4828189131412584,0.4828189131412584,0.9510865163692975,0.9510865163692975
0.3221727399977361,0.41261931566256554,0.5,,neural_rr_mrp,1000,1000,1.6088504791259766,0.19762352332073854,0.0529448512557078,0.03952470466414771,0.4529154805612717,0.6706364199842414,full,0.06754036800020913,shy_fixed,shy_voter,0,0,0.3258883348327365,0.4105914349335505,0,0.4529154805612717,0.4529154805612717,0.8075142993779146,0.8075142993779146
0.2969130081708637,0.31512787047096597,1.0,,raw_reported_distribution,1000,1000,,0.14959999999999998,0.0476,0.029919999999999995,0.41282327749851927,0.4041056999344835,full,0.0006566710003426124,shy_fixed,shy_voter,0,0,0.3012159943422658,0.2943235671455036,1,0.41282327749851927,0.41282327749851927,0.6242678889737713,0.6242678889737713
0.6127945792781383,0.4543492880810296,1.0,,baseline_rr_debias,1000,1000,,0.29191513752972764,0.1208,0.058383027505945526,0.9005664232980741,0.6635367762128325,full,0.001516744000127801,shy_fixed,shy_voter,0,0,0.6348186859948991,0.43121526258210024,1,0.9005664232980741,0.9005664232980741,0.8058727948665009,0.6635367762128325
0.32573213824459146,0.3895579718787043,1.0,,mrp_rr_poststrat,1000,1000,,0.19606840121746064,0.06448040048480033,0.03921368024349213,0.44844559417960117,0.5722140557909408,full,0.004205878999982815,shy_fixed,shy_voter,0,0,0.3176649886488915,0.4013356799006462,1,0.44844559417960117,0.44844559417960117,0.9214590447232686,0.9214590447232686
0.3354290388014621,0.4139132287744946,1.0,,mrp_misreport_rr_poststrat,1000,1000,,0.21187180827686738,0.0765641777600556,0.04237436165537348,0.46167040870629295,0.6313572358216964,full,2.374215407000065,shy_fixed,shy_voter,0,0,0.33003155011924357,0.42093734142280254,1,0.46167040870629295,0.46167040870629295,0.9352654009808357,0.9352654009808357
0.3448773950278707,0.41851070486118164,1.0,0.7988379019042822,mrp_learned_misreport_rr_poststrat,1000,1000,,0.23043259888708353,0.08217863503531851,0.04608651977741671,0.48226628353151296,0.6431609304116814,full,0.004145777000303497,shy_fixed,shy_voter,0,0,0.3410927049076532,0.4280735003188024,0,0.48226628353151296,0.48226628353151296,0.9488103354921059,0.9488103354921059
0.347530752344438,0.42995807011302184,1.0,,neural_rr_mrp,1000,1000,1.603892207145691,0.2573363223644356,0.08509165108077527,0.05146726447288712,0.5170388129652261,0.7210899213719286,full,0.015256048000082956,shy_fixed,shy_voter,0,0,0.3581334775569386,0.43811539566964763,0,0.5170388129652261,0.5170388129652261,0.8291756707353668,0.8291756707353668
0.177593390001744,0.2789363945595211,2.0,,raw_reported_distribution,1000,1000,,0.10840000000000004,0.02940000000000001,0.02168000000000001,0.21543472670647734,0.5065807144775718,full,0.0006362849999277387,shy_fixed,shy_voter,0,0,0.17735260769060351,0.25061052770961173,0,0.21543472670647734,0.21543472670647734,0.6480774127832951,0.6480774127832951
0.16290907199047028,0.35881196189858905,2.0,,baseline_rr_debias,1000,1000,,0.09643388140492659,0.04000799926744322,0.019286776280985317,0.2117384621739425,0.5154739484995581,full,0.0016259980002359953,shy_fixed,shy_voter,0,0,0.16572288468706742,0.30703965164226715,0,0.2117384621739425,0.2117384621739425,0.7350066320986476,0.7350066320986476
0.3208075971348998,0.4021508188524385,2.0,,mrp_rr_poststrat,1000,1000,,0.17140383971929551,0.05134549421966077,0.034280767943859106,0.4193575979372108,0.5851304844578272,full,0.0029276039999786008,shy_fixed,shy_voter,0,0,0.3108025760114193,0.4041231547057629,0,0.4193575979372108,0.4193575979372108,0.9545945532341056,0.9545945532341056
0.33400578701873235,0.41240185312450817,2.0,,mrp_misreport_rr_poststrat,1000,1000,,0.20833008765185615,0.07608464304163641,0.04166601753037123,0.4572589988716922,0.6263000833717395,full,1.265949883000303,shy_fixed,shy_voter,0,0,0.3282431972730177,0.41899603812244257,1,0.4572589988716922,0.4572589988716922,0.9343659787317625,0.9343659787317625
0.3429394965673103,0.41714355373393985,2.0,0.7975433586963535,mrp_learned_misreport_rr_poststrat,1000,1000,,0.2260522091624315,0.08124821399471298,0.0452104418324863,0.47693388274146575,0.6380704287184884,full,0.00344760200005112,shy_fixed,shy_voter,0,0,0.3387619776241712,0.4259337977046271,0,0.47693388274146575,0.47693388274146575,0.9480315616779655,0.9480315616779655
0.27475245379551305,0.37177326983713144,2.0,,neural_rr_mrp,1000,1000,1.5939393043518066,0.0908886236689795,0.027335227017939376,0.0181777247337959,0.34670390616214836,0.522189911765216,full,0.013494785000148113,shy_fixed,shy_voter,0,0,0.2622000756296577,0.3659701460520342,1,0.34670390616214836,0.34670390616214836,0.8602131586009231,0.8602131586009231
0.2965185448962621,0.3952027403517045,0.2,,raw_reported_distribution,854,1000,,0.18106604215456676,0.07592131147540983,0.03621320843091335,0.397408669890957,0.5360842691738487,full,0.00036289299987402046,shy_privacy_helps,privacy_helps,0,0,0.29914234463938866,0.4012986287487703,0,0.397408669890957,0.397408669890957,0.8576012223071047,0.8576012223071047
0.7041645003052645,0.9498703414588686,0.2,,baseline_rr_debias,854,1000,,0.6165794627805243,0.2927489204410735,0.12331589255610487,1.05953170604919,1.6160877513711152,full,0.0012084109998795611,shy_privacy_helps,privacy_helps,0,0,0.7096586045051317,0.9314688124821319,0,1.05953170604919,1.05953170604919,1.6160877513711152,1.6160877513711152
0.32315730829410644,0.3891408257970974,0.2,,mrp_rr_poststrat,854,1000,,0.15408687920570371,0.07656530113816262,0.03081737584114074,0.54416010154052,0.5401164206660861,full,0.0027707660001397016,shy_privacy_helps,privacy_helps,0,0,0.3000487224578857,0.3895608637809753,1,0.54416010154052,0.54416010154052,0.923344261067755,0.923344261067755
0.3368932617061642,0.4153934071172998,0.2,,mrp_misreport_rr_poststrat,854,1000,,0.21376826230655652,0.07783043419761572,0.042753652461311305,0.4635202441896211,0.6332494024750767,full,0.6026890570001342,shy_privacy_helps,privacy_helps,0,0,0.3315688773151219,0.42239819263435235,1,0.4635202441896211,0.4635202441896211,0.9374785660309375,0.9374785660309375
0.34588339880995306,0.41965251842843926,0.2,0.7999131849126102,mrp_learned_misreport_rr_poststrat,854,1000,,0.23116888605832847,0.0829884141514906,0.046233777211665696,0.48290463866463906,0.6437569899719231,full,0.003322526000374637,shy_privacy_helps,privacy_helps,0,0,0.3420619257295463,0.4289803061063535,0,0.48290463866463906,0.48290463866463906,0.9509717725704987,0.9509717725704987
0.32703334060156625,0.4271684105905411,0.2,,neural_rr_mrp,854,1000,1.609023928642273,0.20574130419920786,0.07299633795317505,0.04114826083984157,0.4366931980145795,0.6053782910927767,full,0.01290715100003581,shy_privacy_helps,privacy_helps,0,0,0.3178906050938907,0.41975211372510557,0,0.4366931980145795,0.4366931980145795,0.9816212114044294,0.9816212114044294
0.34061381618577885,0.45431530288851657,0.5,,raw_reported_distribution,854,1000,,0.28176861826697897,0.0981695550351288,0.05635372365339579,0.5433940713508111,0.5106846473029045,full,0.00033881900026244693,shy_privacy_helps,privacy_helps,0,0,0.3420302495638204,0.44648619706281156,0,0.5433940713508111,0.5433940713508111,0.8290297937356762,0.8290297937356762
0.8002901414439862,0.8793224505493255,0.5,,baseline_rr_debias,854,1000,,0.7737929002715838,0.2584,0.15475858005431675,1.0448791714614498,1.1652542372881356,full,0.0010018129996751668,shy_privacy_helps,privacy_helps,0,0,0.8369302939193541,0.8552972621986135,0,1.0448791714614498,1.0448791714614498,1.2648221343873518,1.2648221343873518
0.42347833842221516,0.49038618808454476,0.5,,mrp_rr_poststrat,854,1000,,0.3602344956606627,0.11802360384762288,0.07204689913213254,0.6139608764961763,0.7220459504060726,full,0.002503942999737774,shy_privacy_helps,privacy_helps,0,0,0.42492974952161316,0.5039322058945894,0,0.6139608764961763,0.6139608764961763,1.0898819445448127,1.0898819445448127
0.33755325134634834,0.4159553862119673,0.5,,mrp_misreport_rr_poststrat,854,1000,,0.21500567201518145,0.07824334912847954,0.04300113440303629,0.4648544416248328,0.6342367706322166,full,0.8762630599999284,shy_privacy_helps,privacy_helps,0,0,0.33232024194365,0.4230264952285761,1,0.4648544416248328,0.4648544416248328,0.9384709265133155,0.9384709265133155
0.3465024118792301,0.4203076296436363,0.5,0.8004934484125403,mrp_learned_misreport_rr_poststrat,854,1000,,0.23249405909071985,0.08343451982364485,0.04649881181814397,0.4842775653353128,0.6450676033343363,full,0.003293288000350003,shy_privacy_helps,privacy_helps,0,0,0.3427981344902811,0.4297002302698441,0,0.4842775653353128,0.4842775653353128,0.951727324166868,0.951727324166868
0.40248998229035265,0.5010805086779859,0.5,,neural_rr_mrp,854,1000,1.6075243949890137,0.3488733761379259,0.11217395134249852,0.06977467522758518,0.5921296490860655,0.7992860635764584,full,0.07454407899967919,shy_privacy_helps,privacy_helps,0,0,0.4091179705160153,0.5104627906216331,0,0.5921296490860655,0.5921296490860655,1.0138755294001203,1.0138755294001203
0.29976059616742656,0.4012453028966841,1.0,,raw_reported_distribution,854,1000,,0.18809180327868855,0.06069882903981265,0.03761836065573771,0.4463262720182749,0.46876961707470177,full,0.0003616449998844473,shy_privacy_helps,privacy_helps,0,0,0.2960646187260634,0.38645442724019535,0,0.4463262720182749,0.4463262720182749,0.9433155080213904,0.9433155080213904
0.4116639514853186,0.6039134030047363,1.0,,baseline_rr_debias,854,1000,,0.1269541660761785,0.044250617458910124,0.0253908332152357,0.6498591790386175,0.9219885785858917,full,0.0011785020001298108,shy_privacy_helps,privacy_helps,0,0,0.4137818017004998,0.5346445688411965,0,0.6498591790386175,0.6498591790386175,1.154634648970135,0.9309481001784101
0.308225501759198,0.3875073636837632,1.0,,mrp_rr_poststrat,854,1000,,0.1548992943495512,0.05259973581433297,0.030979858869910237,0.3970144906231234,0.5686419673604094,full,0.003918009000244638,shy_privacy_helps,privacy_helps,0,0,0.2960757505685091,0.381969263151288,0,0.3970144906231234,0.3970144906231234,0.9355690616337373,0.9355690616337373
0.3369339799095102,0.4156560994135104,1.0,,mrp_misreport_rr_poststrat,854,1000,,0.21424705351522338,0.07768018933629671,0.042849410703044676,0.4639940882933827,0.6338070156197533,full,2.7802740030001587,shy_privacy_helps,privacy_helps,0,0,0.3317138789656503,0.42256662083662666,1,0.4639940882933827,0.4639940882933827,0.9383219675631312,0.9383219675631312
0.3457368273284649,0.41944668404870916,1.0,0.7998618610480944,mrp_learned_misreport_rr_poststrat,854,1000,,0.23117033678719537,0.0829093848262726,0.046234067357439075,0.48286108506497627,0.6435934583900711,full,0.005886106999696494,shy_privacy_helps,privacy_helps,0,0,0.34191151945840104,0.4288212374516699,0,0.48286108506497627,0.48286108506497627,0.9507424340368607,0.9507424340368607
0.3063510165040411,0.3941853326651261,1.0,,neural_rr_mrp,854,1000,1.6070656776428223,0.19206108872419564,0.0491433502224215,0.038412217744839126,0.44330139753007824,0.6031507876699003,full,0.10401736899984826,shy_privacy_helps,privacy_helps,0,0,0.30057457413197397,0.39674768979306224,0,0.44330139753007824,0.44330139753007824,0.9232987472405423,0.9232987472405423
0.1958121501482257,0.2698092956813375,2.0,,raw_reported_distribution,854,1000,,0.09349601873536305,0.04060140515222485,0.01869920374707261,0.3149394107044063,0.348468069398302,full,0.0004086420003659441,shy_privacy_helps,privacy_helps,0,0,0.19103671620223017,0.25266253322157617,0,0.3149394107044063,0.3149394107044063,0.5147440794499618,0.5147440794499618
0.25981220510267716,0.3590630921588531,2.0,,baseline_rr_debias,854,1000,,0.14041603306657408,0.04353558193021277,0.028083206613314815,0.3863866502559315,0.5230982742419457,full,0.0012758719999510504,shy_privacy_helps,privacy_helps,0,0,0.2591190505772741,0.3442688809264175,0,0.3863866502559315,0.3863866502559315,0.6851686487559179,0.6851686487559179
0.2984911265537637,0.3874587956962617,2.0,,mrp_rr_poststrat,854,1000,,0.08522726115286354,0.03794675420224669,0.01704545223057271,0.393531045933841,0.5633207837403831,full,0.0028607969998120097,shy_privacy_helps,privacy_helps,0,0,0.2859311160892248,0.38117615581452846,0,0.393531045933841,0.393531045933841,0.8613349825621928,0.8613349825621928
0.33313117644026063,0.4124942818399673,2.0,,mrp_misreport_rr_poststrat,854,1000,,0.20773911731451133,0.07541769787783649,0.04154782346290227,0.45746246426304116,0.6278540146253841,full,1.624954832000185,shy_privacy_helps,privacy_helps,0,0,0.32745428711386215,0.41890490097116934,1,0.45746246426304116,0.45746246426304116,0.9331954135967989,0.9331954135967989
0.3419682389215792,0.41691048992130747,2.0,0.7963193047782925,mrp_learned_misreport_rr_poststrat,854,1000,,0.22426895758798823,0.08025471483552508,0.04485379151759765,0.47588458149164836,0.6382236827458048,full,0.0034162920001108432,shy_privacy_helps,privacy_helps,0,0,0.3377709093065613,0.42528445640646095,0,0.47588458149164836,0.47588458149164836,0.9475157771758584,0.9475157771758584
0.275754275003589,0.37717814104339203,2.0,,neural_rr_mrp,854,1000,1.5909165143966675,0.08721717137401137,0.03777362043882701,0.017443434274802275,0.3313195148699444,0.5459549699833125,full,0.059631351999996696,shy_privacy_helps,privacy_helps,0,0,0.2645185281682026,0.36810033913784784,0,0.3313195148699444,0.3313195148699444,0.8494912777580876,0.8494912777580876
