epsilon,mean_n_effective,mean_overall_l1,mean_overall_mae,mean_p90_age_l1_major,mean_p90_region_l1_major,mean_runtime_sec,mean_weighted_age_l1,mean_weighted_region_l1,mean_winner_correct,mean_worst_age_l1,mean_worst_age_l1_major,mean_worst_region_l1,mean_worst_region_l1_major,method,n_rows,n_sample,preset,scenario,scenario_label,std_overall_l1,std_overall_mae,std_p90_age_l1_major,std_p90_region_l1_major,std_runtime_sec,std_weighted_age_l1,std_weighted_region_l1,std_winner_correct,std_worst_age_l1,std_worst_age_l1_major,std_worst_region_l1,std_worst_region_l1_major
0.2,500.0,0.16200000000000003,0.032400000000000005,0.6412240840670265,0.7122803919837557,0.00045090699995853356,0.3789803337405715,0.46237855176483483,0.0,0.6412240840670265,0.6412240840670265,0.8595945777888323,0.8595945777888323,raw_reported_distribution,1,500,full,no_bias,no_bias,0.0,0.0,0.0,0.0,0.0,0.0,0.0,0.0,0.0,0.0,0.0,0.0
0.2,500.0,1.010512477149713,0.20210249542994257,1.47117296222664,1.2010178117048347,0.0012200959999972838,1.0105831676407382,0.9628894414568318,0.0,1.47117296222664,1.47117296222664,1.4057971014492752,1.4057971014492752,baseline_rr_debias,1,500,full,no_bias,no_bias,0.0,0.0,0.0,0.0,0.0,0.0,0.0,0.0,0.0,0.0,0.0,0.0
0.2,500.0,0.1362523557722568,0.02725047115445136,0.3900525864087801,0.5725877446690536,0.0028971820001970627,0.2857430320620537,0.396549862408638,1.0,0.3900525864087801,0.3900525864087801,0.7186299028562353,0.7186299028562353,mrp_rr_poststrat,1,500,full,no_bias,no_bias,0.0,0.0,0.0,0.0,0.0,0.0,0.0,0.0,0.0,0.0,0.0,0.0
0.2,500.0,0.21355350896590292,0.04271070179318058,0.46329704984128184,0.633465232685814,0.002827409000019543,0.33138961369626474,0.42231143062077314,1.0,0.46329704984128184,0.46329704984128184,0.9369843016151671,0.9369843016151671,mrp_misreport_rr_poststrat,1,500,full,no_bias,no_bias,0.0,0.0,0.0,0.0,0.0,0.0,0.0,0.0,0.0,0.0,0.0,0.0
0.2,500.0,0.23135635369880395,0.04627127073976079,0.4831422216265372,0.6441149613377429,0.003433946000313881,0.34212387464071253,0.4290672627083072,0.0,0.4831422216265372,0.4831422216265372,0.9507697037006129,0.9507697037006129,mrp_learned_misreport_rr_poststrat,1,500,full,no_bias,no_bias,0.0,0.0,0.0,0.0,0.0,0.0,0.0,0.0,0.0,0.0,0.0,0.0
0.2,500.0,0.2360545010947323,0.04721090021894646,0.4954851023800188,0.6390721090688755,0.015153485000155342,0.36161686568893414,0.4276107455380398,0.0,0.4954851023800188,0.4954851023800188,0.7203157515226535,0.7203157515226535,neural_rr_mrp,1,500,full,no_bias,no_bias,0.0,0.0,0.0,0.0,0.0,0.0,0.0,0.0,0.0,0.0,0.0,0.0
0.5,500.0,0.17320000000000002,0.034640000000000004,0.44227112197772345,0.7214611872146118,0.00031129199987844913,0.2887439141739543,0.45905638104610336,0.0,0.44227112197772345,0.44227112197772345,0.7665713219748789,0.7665713219748789,raw_reported_distribution,1,500,full,no_bias,no_bias,0.0,0.0,0.0,0.0,0.0,0.0,0.0,0.0,0.0,0.0,0.0,0.0
0.5,500.0,0.6482152284445329,0.12964304568890658,1.0513374355210312,1.2979890310786106,0.0010651789998519234,0.8881859648342002,0.9246226294847195,0.0,1.0513374355210312,1.0513374355210312,1.2979890310786106,1.2979890310786106,baseline_rr_debias,1,500,full,no_bias,no_bias,0.0,0.0,0.0,0.0,0.0,0.0,0.0,0.0,0.0,0.0,0.0,0.0
0.5,500.0,0.27787353110611435,0.05557470622122287,0.5077731520320041,0.7724277663155127,0.0031522579997727007,0.36704565596282485,0.4710506143480539,0.0,0.5077731520320041,0.5077731520320041,0.9950579645480702,0.9950579645480702,mrp_rr_poststrat,1,500,full,no_bias,no_bias,0.0,0.0,0.0,0.0,0.0,0.0,0.0,0.0,0.0,0.0,0.0,0.0
0.5,500.0,0.21292016567845884,0.04258403313569177,0.46259706764643177,0.6328141053239654,0.003141937000236794,0.3313134438281433,0.42228461458308164,1.0,0.46259706764643177,0.46259706764643177,0.9370815141194604,0.9370815141194604,mrp_misreport_rr_poststrat,1,500,full,no_bias,no_bias,0.0,0.0,0.0,0.0,0.0,0.0,0.0,0.0,0.0,0.0,0.0,0.0
0.5,500.0,0.23080563937178794,0.04616112787435759,0.4824566973452758,0.6439243275884529,0.003320542999972531,0.34197409499653364,0.42907699339912286,0.0,0.4824566973452758,0.4824566973452758,0.9505861014574766,0.9505861014574766,mrp_learned_misreport_rr_poststrat,1,500,full,no_bias,no_bias,0.0,0.0,0.0,0.0,0.0,0.0,0.0,0.0,0.0,0.0,0.0,0.0
0.5,500.0,0.24957862483404022,0.049915724966808045,0.4659983570774471,0.7685817311466563,0.012510641999597283,0.360307451107257,0.4826205582059007,0.0,0.4659983570774471,0.4659983570774471,0.9269624205778921,0.9269624205778921,neural_rr_mrp,1,500,full,no_bias,no_bias,0.0,0.0,0.0,0.0,0.0,0.0,0.0,0.0,0.0,0.0,0.0,0.0
1.0,500.0,0.182,0.0364,0.5268248685970205,0.6374576271186441,0.0004144530003031832,0.3099088943798947,0.4250377467499586,0.0,0.5268248685970205,0.5268248685970205,0.6735480661609253,0.6735480661609253,raw_reported_distribution,1,500,full,no_bias,no_bias,0.0,0.0,0.0,0.0,0.0,0.0,0.0,0.0,0.0,0.0,0.0,0.0
1.0,500.0,0.37039068274773057,0.07407813654954612,1.0444104880201146,1.0570622011096,0.0011098720001427864,0.6931065581828102,0.7103187225310941,0.0,1.0444104880201146,1.0444104880201146,1.2146118721461185,1.2146118721461185,baseline_rr_debias,1,500,full,no_bias,no_bias,0.0,0.0,0.0,0.0,0.0,0.0,0.0,0.0,0.0,0.0,0.0,0.0
1.0,500.0,0.22092495321929456,0.04418499064385891,0.45638564295084355,0.7212481150182627,0.0025435809998270997,0.31630754911601544,0.4123985826462507,0.0,0.45638564295084355,0.45638564295084355,0.9186982890979492,0.9186982890979492,mrp_rr_poststrat,1,500,full,no_bias,no_bias,0.0,0.0,0.0,0.0,0.0,0.0,0.0,0.0,0.0,0.0,0.0,0.0
1.0,500.0,0.21201602073691872,0.042403204147383744,0.46189638980181896,0.6345404241267137,0.0030621429996244842,0.33074032147636245,0.422315553433321,0.0,0.46189638980181896,0.46189638980181896,0.9354491232988184,0.9354491232988184,mrp_misreport_rr_poststrat,1,500,full,no_bias,no_bias,0.0,0.0,0.0,0.0,0.0,0.0,0.0,0.0,0.0,0.0,0.0,0.0
1.0,500.0,0.22980710767848084,0.04596142153569617,0.4815977104999853,0.6453794045692749,0.0033919480001713964,0.34164977623763026,0.42916258026133564,0.0,0.4815977104999853,0.4815977104999853,0.9504066010395593,0.9504066010395593,mrp_learned_misreport_rr_poststrat,1,500,full,no_bias,no_bias,0.0,0.0,0.0,0.0,0.0,0.0,0.0,0.0,0.0,0.0,0.0,0.0
1.0,500.0,0.23180985962113718,0.04636197192422743,0.4581906557163737,0.7439113202620617,0.012167124999905354,0.34660878661110167,0.4487741309349576,0.0,0.4581906557163737,0.4581906557163737,0.835945811744269,0.835945811744269,neural_rr_mrp,1,500,full,no_bias,no_bias,0.0,0.0,0.0,0.0,0.0,0.0,0.0,0.0,0.0,0.0,0.0,0.0
2.0,500.0,0.08560000000000002,0.017120000000000003,0.20448736154501568,0.531864406779661,0.000449775000106456,0.16535917819342333,0.3366454548579627,1.0,0.20448736154501568,0.20448736154501568,0.5340131824399952,0.5340131824399952,raw_reported_distribution,1,500,full,no_bias,no_bias,0.0,0.0,0.0,0.0,0.0,0.0,0.0,0.0,0.0,0.0,0.0,0.0
2.0,500.0,0.061058821374832914,0.012211764274966582,0.4327795894333394,0.6789332703393675,0.0013790940001854324,0.24944533788274087,0.4519673107095237,1.0,0.4327795894333394,0.4327795894333394,0.9151170363420185,0.9151170363420185,baseline_rr_debias,1,500,full,no_bias,no_bias,0.0,0.0,0.0,0.0,0.0,0.0,0.0,0.0,0.0,0.0,0.0,0.0
2.0,500.0,0.0913068912982941,0.01826137825965882,0.37563248618578104,0.5776926036692259,0.0026306160002604884,0.2902291415512562,0.38377298615574834,0.0,0.37563248618578104,0.37563248618578104,0.8335212201358164,0.8335212201358164,mrp_rr_poststrat,1,500,full,no_bias,no_bias,0.0,0.0,0.0,0.0,0.0,0.0,0.0,0.0,0.0,0.0,0.0,0.0
2.0,500.0,0.2058283811661479,0.04116567623322958,0.4550696092702531,0.6291174369596678,0.002747388999978284,0.32562123299277324,0.4182724461865344,1.0,0.4550696092702531,0.4550696092702531,0.9282189109896025,0.9282189109896025,mrp_misreport_rr_poststrat,1,500,full,no_bias,no_bias,0.0,0.0,0.0,0.0,0.0,0.0,0.0,0.0,0.0,0.0,0.0,0.0
2.0,500.0,0.22422826942567906,0.04484565388513581,0.475492118142418,0.6382684891666995,0.003285717999915505,0.33743673918241696,0.4253218151418399,1.0,0.475492118142418,0.475492118142418,0.9439319882503581,0.9439319882503581,mrp_learned_misreport_rr_poststrat,1,500,full,no_bias,no_bias,0.0,0.0,0.0,0.0,0.0,0.0,0.0,0.0,0.0,0.0,0.0,0.0
2.0,500.0,0.08931709221761562,0.017863418443523123,0.33433212500959997,0.552187321762505,0.012695453000105772,0.2612071076797804,0.3719551931952972,1.0,0.33433212500959997,0.33433212500959997,0.8176763997493273,0.8176763997493273,neural_rr_mrp,1,500,full,no_bias,no_bias,0.0,0.0,0.0,0.0,0.0,0.0,0.0,0.0,0.0,0.0,0.0,0.0
0.2,406.0,0.1318857142857143,0.02637714285714286,0.4319788592216349,0.7130124777183601,0.0003948319999835803,0.3716100522965167,0.4583479869465517,0.0,0.4319788592216349,0.4319788592216349,0.8526315789473684,0.7929782082324455,raw_reported_distribution,1,500,full,nonresponse,nonresponse,0.0,0.0,0.0,0.0,0.0,0.0,0.0,0.0,0.0,0.0,0.0,0.0
0.2,406.0,0.4295766419582585,0.0859153283916517,1.3164556962025318,1.5889830508474576,0.0011047839998354902,1.1102630137804133,0.8801647455884891,0.0,1.3164556962025318,1.3164556962025318,1.683794466403162,1.683794466403162,baseline_rr_debias,1,500,full,nonresponse,nonresponse,0.0,0.0,0.0,0.0,0.0,0.0,0.0,0.0,0.0,0.0,0.0,0.0
0.2,406.0,0.12309021492004397,0.024618042984008794,0.3777501024528005,0.5500849339786407,0.002448482999625412,0.29037363458573817,0.3740278460919857,0.0,0.3777501024528005,0.3777501024528005,0.9036097824374303,0.9036097824374303,mrp_rr_poststrat,1,500,full,nonresponse,nonresponse,0.0,0.0,0.0,0.0,0.0,0.0,0.0,0.0,0.0,0.0,0.0,0.0
0.2,406.0,0.2134323548206651,0.04268647096413302,0.46318658556674136,0.6332219830838606,0.002569887000390736,0.33130661788384735,0.42221447746325486,1.0,0.46318658556674136,0.46318658556674136,0.9371888441519636,0.9371888441519636,mrp_misreport_rr_poststrat,1,500,full,nonresponse,nonresponse,0.0,0.0,0.0,0.0,0.0,0.0,0.0,0.0,0.0,0.0,0.0,0.0
0.2,406.0,0.23126898849775654,0.046253797699551305,0.48302182556336165,0.6439441338789453,0.0031943660001161334,0.3420712438638511,0.4289599738691697,0.0,0.48302182556336165,0.48302182556336165,0.9510925225104367,0.9510925225104367,mrp_learned_misreport_rr_poststrat,1,500,full,nonresponse,nonresponse,0.0,0.0,0.0,0.0,0.0,0.0,0.0,0.0,0.0,0.0,0.0,0.0
0.2,406.0,0.17516283777525168,0.03503256755505034,0.4213575985576911,0.6446285855161252,0.011015994999979739,0.32841473554442313,0.41787162145003626,0.0,0.4213575985576911,0.4213575985576911,0.8357528617028678,0.8357528617028678,neural_rr_mrp,1,500,full,nonresponse,nonresponse,0.0,0.0,0.0,0.0,0.0,0.0,0.0,0.0,0.0,0.0,0.0,0.0
0.5,406.0,0.21777931034482761,0.04355586206896552,0.3987571921749137,0.7070799401695198,0.00029847600035282085,0.3134538629818754,0.5023404645208729,0.0,0.3987571921749137,0.3987571921749137,1.0421052631578949,0.9554367201426025,raw_reported_distribution,1,500,full,nonresponse,nonresponse,0.0,0.0,0.0,0.0,0.0,0.0,0.0,0.0,0.0,0.0,0.0,0.0
0.5,406.0,0.7864054496904809,0.15728108993809617,1.3398058252427183,1.08300395256917,0.001006593000056455,0.9215395975488804,0.9561671879050723,0.0,1.3398058252427183,1.3398058252427183,1.3991147114560019,1.3991147114560019,baseline_rr_debias,1,500,full,nonresponse,nonresponse,0.0,0.0,0.0,0.0,0.0,0.0,0.0,0.0,0.0,0.0,0.0,0.0
0.5,406.0,0.28154449901580814,0.05630889980316163,0.44677266780933717,0.605200508694431,0.002274229000249761,0.34186006389260293,0.42672232381105424,0.0,0.44677266780933717,0.44677266780933717,1.0597613984171081,1.0597613984171081,mrp_rr_poststrat,1,500,full,nonresponse,nonresponse,0.0,0.0,0.0,0.0,0.0,0.0,0.0,0.0,0.0,0.0,0.0,0.0
0.5,406.0,0.21310638873989568,0.042621277747979136,0.4626353504367912,0.6333206561114247,0.002497134000350343,0.3311603325020838,0.4222343736125808,1.0,0.4626353504367912,0.4626353504367912,0.9373247275284593,0.9373247275284593,mrp_misreport_rr_poststrat,1,500,full,nonresponse,nonresponse,0.0,0.0,0.0,0.0,0.0,0.0,0.0,0.0,0.0,0.0,0.0,0.0
0.5,406.0,0.2313359174680607,0.04626718349361214,0.48296672809546926,0.6443545262162745,0.003029346999937843,0.3421368859876008,0.4291596316205558,0.0,0.48296672809546926,0.48296672809546926,0.9515047224134421,0.9515047224134421,mrp_learned_misreport_rr_poststrat,1,500,full,nonresponse,nonresponse,0.0,0.0,0.0,0.0,0.0,0.0,0.0,0.0,0.0,0.0,0.0,0.0
0.5,406.0,0.27618190237881185,0.05523638047576237,0.5004565193745517,0.6926141375123425,0.013122103000114294,0.36253330011735424,0.4759444665757424,0.0,0.5004565193745517,0.5004565193745517,1.0622312447215714,1.0622312447215714,neural_rr_mrp,1,500,full,nonresponse,nonresponse,0.0,0.0,0.0,0.0,0.0,0.0,0.0,0.0,0.0,0.0,0.0,0.0
1.0,406.0,0.13041379310344825,0.02608275862068965,0.5095869257495818,0.7130124777183602,0.0003228579998904024,0.2864567897819415,0.3757144959642207,0.0,0.5095869257495818,0.5095869257495818,0.8876712328767122,0.8876712328767122,raw_reported_distribution,1,500,full,nonresponse,nonresponse,0.0,0.0,0.0,0.0,0.0,0.0,0.0,0.0,0.0,0.0,0.0,0.0
1.0,406.0,0.27670599641967486,0.05534119928393497,0.8556047084345157,1.2876712328767121,0.0010468269997545576,0.5859550516112628,0.7704817022612521,0.0,0.8556047084345157,0.8556047084345157,1.3139963447427558,1.3139963447427558,baseline_rr_debias,1,500,full,nonresponse,nonresponse,0.0,0.0,0.0,0.0,0.0,0.0,0.0,0.0,0.0,0.0,0.0,0.0
1.0,406.0,0.1732794750750065,0.0346558950150013,0.40812980399928084,0.6721459137496807,0.0026319120001971896,0.2973817298710346,0.39713635356426236,0.0,0.40812980399928084,0.40812980399928084,0.9065495362893783,0.9065495362893783,mrp_rr_poststrat,1,500,full,nonresponse,nonresponse,0.0,0.0,0.0,0.0,0.0,0.0,0.0,0.0,0.0,0.0,0.0,0.0
1.0,406.0,0.210425847263285,0.042085169452657,0.4603903662287701,0.6321912470699301,0.0024555320001127257,0.3295712124951448,0.42109761615022095,1.0,0.4603903662287701,0.4603903662287701,0.9344706124597013,0.9344706124597013,mrp_misreport_rr_poststrat,1,500,full,nonresponse,nonresponse,0.0,0.0,0.0,0.0,0.0,0.0,0.0,0.0,0.0,0.0,0.0,0.0
1.0,406.0,0.2297797652700629,0.04595595305401258,0.4818681114063217,0.6446232956440487,0.0030989929996394494,0.34096881618308267,0.42840647771591434,0.0,0.4818681114063217,0.4818681114063217,0.9489807894605218,0.9489807894605218,mrp_learned_misreport_rr_poststrat,1,500,full,nonresponse,nonresponse,0.0,0.0,0.0,0.0,0.0,0.0,0.0,0.0,0.0,0.0,0.0,0.0
1.0,406.0,0.15428758081268304,0.030857516162536607,0.40317887533994223,0.6531902065734524,0.012077451000095607,0.3102704445536017,0.40240306129451175,0.0,0.40317887533994223,0.40317887533994223,0.7968463524943592,0.7968463524943592,neural_rr_mrp,1,500,full,nonresponse,nonresponse,0.0,0.0,0.0,0.0,0.0,0.0,0.0,0.0,0.0,0.0,0.0,0.0
2.0,406.0,0.08697733990147787,0.01739546798029557,0.35169218890747644,0.4140767824497257,0.0003943370002161828,0.23315550911145955,0.32749130262458437,0.0,0.35169218890747644,0.35169218890747644,0.6526315789473685,0.6484018264840182,raw_reported_distribution,1,500,full,nonresponse,nonresponse,0.0,0.0,0.0,0.0,0.0,0.0,0.0,0.0,0.0,0.0,0.0,0.0
2.0,406.0,0.12399930183230158,0.024799860366460317,0.5967099243014793,0.6484018264840182,0.001187631999982841,0.3749179468434795,0.4318149311923675,0.0,0.5967099243014793,0.5967099243014793,0.7608998055366588,0.6613847770838781,baseline_rr_debias,1,500,full,nonresponse,nonresponse,0.0,0.0,0.0,0.0,0.0,0.0,0.0,0.0,0.0,0.0,0.0,0.0
2.0,406.0,0.08541956439316274,0.01708391287863255,0.4126716227405825,0.5786933686457953,0.0026138000002902118,0.2780899138480425,0.3849156380146742,0.0,0.4126716227405825,0.4126716227405825,0.8274061004905141,0.8274061004905141,mrp_rr_poststrat,1,500,full,nonresponse,nonresponse,0.0,0.0,0.0,0.0,0.0,0.0,0.0,0.0,0.0,0.0,0.0,0.0
2.0,406.0,0.20198897880174138,0.04039779576034828,0.4522896655490011,0.6288835687594494,0.0027344759996594803,0.3246345273783993,0.41788739400300945,0.0,0.4522896655490011,0.4522896655490011,0.9259290891415711,0.9259290891415711,mrp_misreport_rr_poststrat,1,500,full,nonresponse,nonresponse,0.0,0.0,0.0,0.0,0.0,0.0,0.0,0.0,0.0,0.0,0.0,0.0
2.0,406.0,0.2222819064191882,0.044456381283837644,0.4740477862310896,0.6401106370480033,0.0033606890001465217,0.33715041030820536,0.42560515661403475,0.0,0.4740477862310896,0.4740477862310896,0.9430274987600897,0.9430274987600897,mrp_learned_misreport_rr_poststrat,1,500,full,nonresponse,nonresponse,0.0,0.0,0.0,0.0,0.0,0.0,0.0,0.0,0.0,0.0,0.0,0.0
2.0,406.0,0.11572205828872832,0.023144411657745664,0.3345147432575025,0.5723238409381269,0.013524760999644059,0.26525925737109224,0.38043737483410067,0.0,0.3345147432575025,0.3345147432575025,0.75373495579862,0.75373495579862,neural_rr_mrp,1,500,full,nonresponse,nonresponse,0.0,0.0,0.0,0.0,0.0,0.0,0.0,0.0,0.0,0.0,0.0,0.0
0.2,500.0,0.20959999999999998,0.04192,0.4230372181472425,0.7122803919837557,0.0003360850000717619,0.31892391002047377,0.4855917064485844,0.0,0.4230372181472425,0.4230372181472425,1.1386643452306928,1.1386643452306928,raw_reported_distribution,1,500,full,shy_fixed,shy_voter,0.0,0.0,0.0,0.0,0.0,0.0,0.0,0.0,0.0,0.0,0.0,0.0
0.2,500.0,0.8073754132220187,0.16147508264440374,1.4694376528117359,1.7173308925865456,0.0010233600000901788,1.0496072588258136,1.173980993342386,0.0,1.4694376528117359,1.4694376528117359,1.7759336099585061,1.7759336099585061,baseline_rr_debias,1,500,full,shy_fixed,shy_voter,0.0,0.0,0.0,0.0,0.0,0.0,0.0,0.0,0.0,0.0,0.0,0.0
0.2,500.0,0.18341325514614581,0.036682651029229164,0.46596377701805963,0.6779570030164421,0.0024433600001430023,0.32543134849369526,0.41043743924796583,0.0,0.46596377701805963,0.46596377701805963,0.8330635282206027,0.8330635282206027,mrp_rr_poststrat,1,500,full,shy_fixed,shy_voter,0.0,0.0,0.0,0.0,0.0,0.0,0.0,0.0,0.0,0.0,0.0,0.0
0.2,500.0,0.21388802967290424,0.04277760593458085,0.46363708879997434,0.633656941996611,0.5687514930000361,0.3315987641287909,0.4224822912960879,1.0,0.46363708879997434,0.46363708879997434,0.9373896895469497,0.9373896895469497,mrp_misreport_rr_poststrat,1,500,full,shy_fixed,shy_voter,0.0,0.0,0.0,0.0,0.0,0.0,0.0,0.0,0.0,0.0,0.0,0.0
0.2,500.0,0.23168522363848448,0.0463370447276969,0.4834585914057807,0.6443272502926515,0.0031000130002212245,0.34231550070362143,0.4292241141069402,0.0,0.4834585914057807,0.4834585914057807,0.9511723166542815,0.9511723166542815,mrp_learned_misreport_rr_poststrat,1,500,full,shy_fixed,shy_voter,0.0,0.0,0.0,0.0,0.0,0.0,0.0,0.0,0.0,0.0,0.0,0.0
0.2,500.0,0.395797614934521,0.0791595229869042,0.628278096334477,0.8536204805386832,0.011320053999952506,0.43467183495490164,0.5073388602902287,0.0,0.628278096334477,0.628278096334477,0.8835828206825037,0.8835828206825037,neural_rr_mrp,1,500,full,shy_fixed,shy_voter,0.0,0.0,0.0,0.0,0.0,0.0,0.0,0.0,0.0,0.0,0.0,0.0
0.5,500.0,0.19760000000000003,0.039520000000000007,0.4580287998009518,0.6697272004943939,0.00031533099991065683,0.28920310404993954,0.4337594221394579,0.0,0.4580287998009518,0.4580287998009518,0.9526178336027857,0.9526178336027857,raw_reported_distribution,1,500,full,shy_fixed,shy_voter,0.0,0.0,0.0,0.0,0.0,0.0,0.0,0.0,0.0,0.0,0.0,0.0
0.5,500.0,0.4058988165073597,0.08117976330147195,1.6405295088797958,1.1124527373887234,0.0010621930000525026,0.9999026275154315,0.9302352751148173,0.0,1.6405295088797958,1.6405295088797958,1.4829665590919912,1.3167114051977942,baseline_rr_debias,1,500,full,shy_fixed,shy_voter,0.0,0.0,0.0,0.0,0.0,0.0,0.0,0.0,0.0,0.0,0.0,0.0
0.5,500.0,0.23040008955895908,0.04608001791179182,0.46614289320266367,0.7294132894189176,0.002329814999939117,0.318548138025403,0.41589071259796623,0.0,0.46614289320266367,0.46614289320266367,0.9289408012587119,0.9289408012587119,mrp_rr_poststrat,1,500,full,shy_fixed,shy_voter,0.0,0.0,0.0,0.0,0.0,0.0,0.0,0.0,0.0,0.0,0.0,0.0
0.5,500.0,0.21349419980055434,0.04269883996011087,0.46318203060695134,0.633451595084128,2.0764563460002137,0.33146304074518346,0.42241828301561946,1.0,0.46318203060695134,0.46318203060695134,0.9373480268911647,0.9373480268911647,mrp_misreport_rr_poststrat,1,500,full,shy_fixed,shy_voter,0.0,0.0,0.0,0.0,0.0,0.0,0.0,0.0,0.0,0.0,0.0,0.0
0.5,500.0,0.23135969726230698,0.0462719394524614,0.48310912386938343,0.6440085873963467,0.004988467000202945,0.34204474623009495,0.4290109538201113,0.0,0.48310912386938343,0.48310912386938343,0.95075337057288,0.95075337057288,mrp_learned_misreport_rr_poststrat,1,500,full,shy_fixed,shy_voter,0.0,0.0,0.0,0.0,0.0,0.0,0.0,0.0,0.0,0.0,0.0,0.0
0.5,500.0,0.21800616409795617,0.04360123281959123,0.46156076528734985,0.7137705677658085,0.015689628000018274,0.3284706421584449,0.4405537736324454,0.0,0.46156076528734985,0.46156076528734985,0.9518217820074877,0.9518217820074877,neural_rr_mrp,1,500,full,shy_fixed,shy_voter,0.0,0.0,0.0,0.0,0.0,0.0,0.0,0.0,0.0,0.0,0.0,0.0
1.0,500.0,0.14160000000000006,0.028320000000000012,0.5533822330888345,0.48750155453301836,0.0003434370000832132,0.3290889254894812,0.35994406869925477,0.0,0.5533822330888345,0.5533822330888345,0.557457627118644,0.557457627118644,raw_reported_distribution,1,500,full,shy_fixed,shy_voter,0.0,0.0,0.0,0.0,0.0,0.0,0.0,0.0,0.0,0.0,0.0,0.0
1.0,500.0,0.14607440964863844,0.02921488192972769,1.0001904976907854,0.8498727735368958,0.0010762490001070546,0.6866306144785789,0.6098253520510488,0.0,1.0001904976907854,1.0001904976907854,1.2506249514136973,1.2506249514136973,baseline_rr_debias,1,500,full,shy_fixed,shy_voter,0.0,0.0,0.0,0.0,0.0,0.0,0.0,0.0,0.0,0.0,0.0,0.0
1.0,500.0,0.08535496639609343,0.017070993279218686,0.4360350251316313,0.5493440375489704,0.06671916699997382,0.2642471414923668,0.36338729364275935,0.0,0.4360350251316313,0.4360350251316313,0.8589581881853986,0.8589581881853986,mrp_rr_poststrat,1,500,full,shy_fixed,shy_voter,0.0,0.0,0.0,0.0,0.0,0.0,0.0,0.0,0.0,0.0,0.0,0.0
1.0,500.0,0.2130959085720113,0.04261918171440226,0.46319152709047523,0.6331650415587482,2.5009954020001715,0.33105350109653264,0.42204545682824396,1.0,0.46319152709047523,0.46319152709047523,0.9362422920678914,0.9362422920678914,mrp_misreport_rr_poststrat,1,500,full,shy_fixed,shy_voter,0.0,0.0,0.0,0.0,0.0,0.0,0.0,0.0,0.0,0.0,0.0,0.0
1.0,500.0,0.2291883236015496,0.045837664720309916,0.4812172916934475,0.6426012438054847,0.0036634339999181975,0.3410175586104672,0.428078200925462,0.0,0.4812172916934475,0.4812172916934475,0.9492181459013629,0.9492181459013629,mrp_learned_misreport_rr_poststrat,1,500,full,shy_fixed,shy_voter,0.0,0.0,0.0,0.0,0.0,0.0,0.0,0.0,0.0,0.0,0.0,0.0
1.0,500.0,0.09097774136189389,0.018195548272378778,0.3698693907323511,0.5754281930594216,0.015688024999690242,0.2855276132363154,0.375915276687402,0.0,0.3698693907323511,0.3698693907323511,0.801692177747604,0.801692177747604,neural_rr_mrp,1,500,full,shy_fixed,shy_voter,0.0,0.0,0.0,0.0,0.0,0.0,0.0,0.0,0.0,0.0,0.0,0.0
2.0,500.0,0.057600000000000026,0.011520000000000006,0.22952757129972323,0.5128518971848225,0.00033693500017761835,0.15456212739924072,0.33482719327873006,1.0,0.22952757129972323,0.22952757129972323,0.6393675889328063,0.6393675889328063,raw_reported_distribution,1,500,full,shy_fixed,shy_voter,0.0,0.0,0.0,0.0,0.0,0.0,0.0,0.0,0.0,0.0,0.0,0.0
2.0,500.0,0.18169975987962553,0.03633995197592511,0.5588794253701113,0.7193675889328063,0.0010319519997210591,0.27324248984164473,0.43672647345971055,1.0,0.5588794253701113,0.5588794253701113,0.8103182812051084,0.8103182812051084,baseline_rr_debias,1,500,full,shy_fixed,shy_voter,0.0,0.0,0.0,0.0,0.0,0.0,0.0,0.0,0.0,0.0,0.0,0.0
2.0,500.0,0.09824879067242147,0.019649758134484295,0.4259564829453322,0.5938431920830982,0.002432990999750473,0.2739009299784899,0.37878087347447875,0.0,0.4259564829453322,0.4259564829453322,0.851939835052758,0.851939835052758,mrp_rr_poststrat,1,500,full,shy_fixed,shy_voter,0.0,0.0,0.0,0.0,0.0,0.0,0.0,0.0,0.0,0.0,0.0,0.0
2.0,500.0,0.2023281503515734,0.04046563007031468,0.451850652841417,0.6257539791114387,1.1073091560001558,0.3246932207995105,0.41725286332960787,1.0,0.451850652841417,0.451850652841417,0.9265721685687396,0.9265721685687396,mrp_misreport_rr_poststrat,1,500,full,shy_fixed,shy_voter,0.0,0.0,0.0,0.0,0.0,0.0,0.0,0.0,0.0,0.0,0.0,0.0
2.0,500.0,0.2204827988123843,0.04409655976247686,0.47161895281548494,0.6359254943338509,0.0032801140000628948,0.33621573458307713,0.4244423044228497,1.0,0.47161895281548494,0.47161895281548494,0.941282725418097,0.941282725418097,mrp_learned_misreport_rr_poststrat,1,500,full,shy_fixed,shy_voter,0.0,0.0,0.0,0.0,0.0,0.0,0.0,0.0,0.0,0.0,0.0,0.0
2.0,500.0,0.07964426615933982,0.015928853231867966,0.33202295398621473,0.5645129703988173,0.0118338379998022,0.2581396711490343,0.3712678462202898,0.0,0.33202295398621473,0.33202295398621473,0.7875192562547833,0.7875192562547833,neural_rr_mrp,1,500,full,shy_fixed,shy_voter,0.0,0.0,0.0,0.0,0.0,0.0,0.0,0.0,0.0,0.0,0.0,0.0
0.2,406.0,0.2796689655172414,0.05593379310344828,0.5860292788722212,0.7177359293541866,0.00032378500009144773,0.44375957901884844,0.5066049913258203,0.0,0.5860292788722212,0.5860292788722212,1.1372549019607843,1.1372549019607843,raw_reported_distribution,1,500,full,shy_privacy_helps,privacy_helps,0.0,0.0,0.0,0.0,0.0,0.0,0.0,0.0,0.0,0.0,0.0,0.0
0.2,406.0,0.810843777672328,0.16216875553446558,1.512082853855006,1.5555555555555558,0.001128278000123828,1.2912000000000001,1.078042857142857,0.0,1.512082853855006,1.512082853855006,1.8128342245989304,1.8128342245989304,baseline_rr_debias,1,500,full,shy_privacy_helps,privacy_helps,0.0,0.0,0.0,0.0,0.0,0.0,0.0,0.0,0.0,0.0,0.0,0.0
0.2,406.0,0.3420997990161181,0.06841995980322362,0.5939355651440422,0.6944503647426801,0.002456611000070552,0.41364751875698563,0.48536286144554613,1.0,0.5939355651440422,0.5939355651440422,0.9942068085472853,0.9942068085472853,mrp_rr_poststrat,1,500,full,shy_privacy_helps,privacy_helps,0.0,0.0,0.0,0.0,0.0,0.0,0.0,0.0,0.0,0.0,0.0,0.0
0.2,406.0,0.21434307063017655,0.042868614126035307,0.464097423774392,0.6339610719233463,0.639794701000028,0.3318265660633366,0.42263920380039205,1.0,0.464097423774392,0.464097423774392,0.9375514970201295,0.9375514970201295,mrp_misreport_rr_poststrat,1,500,full,shy_privacy_helps,privacy_helps,0.0,0.0,0.0,0.0,0.0,0.0,0.0,0.0,0.0,0.0,0.0,0.0
0.2,406.0,0.23183102296901745,0.04636620459380349,0.4836005004699335,0.6444510624507858,0.00366744299981292,0.3424012422392725,0.4292900650512423,0.0,0.4836005004699335,0.4836005004699335,0.9510678095256995,0.9510678095256995,mrp_learned_misreport_rr_poststrat,1,500,full,shy_privacy_helps,privacy_helps,0.0,0.0,0.0,0.0,0.0,0.0,0.0,0.0,0.0,0.0,0.0,0.0
0.2,406.0,0.4345063306310607,0.08690126612621214,0.689063309030471,0.8714073741364263,0.012063065999882383,0.4883028785003731,0.5420861112526953,0.0,0.689063309030471,0.689063309030471,0.9414322216562961,0.9414322216562961,neural_rr_mrp,1,500,full,shy_privacy_helps,privacy_helps,0.0,0.0,0.0,0.0,0.0,0.0,0.0,0.0,0.0,0.0,0.0,0.0
0.5,406.0,0.22055566502463056,0.04411113300492611,0.3924205378973105,0.5115753811405985,0.00032754699986980995,0.29890681334351926,0.4018991182498637,0.0,0.3924205378973105,0.3924205378973105,0.5918003565062389,0.5918003565062389,raw_reported_distribution,1,500,full,shy_privacy_helps,privacy_helps,0.0,0.0,0.0,0.0,0.0,0.0,0.0,0.0,0.0,0.0,0.0,0.0
0.5,406.0,0.6040970063641058,0.12081940127282116,0.9259332345624423,1.2370624883800094,0.001006720000077621,0.7763108431027883,0.8365154617884836,0.0,0.9259332345624423,0.9259332345624423,1.2370624883800094,1.2370624883800094,baseline_rr_debias,1,500,full,shy_privacy_helps,privacy_helps,0.0,0.0,0.0,0.0,0.0,0.0,0.0,0.0,0.0,0.0,0.0,0.0
0.5,406.0,0.27900968166589735,0.05580193633317947,0.5611381960490804,0.7691050600337784,0.0024812939996081695,0.39394882959127425,0.4771551211059093,0.0,0.5611381960490804,0.5611381960490804,0.9133474759080193,0.9133474759080193,mrp_rr_poststrat,1,500,full,shy_privacy_helps,privacy_helps,0.0,0.0,0.0,0.0,0.0,0.0,0.0,0.0,0.0,0.0,0.0,0.0
0.5,406.0,0.21420140637989857,0.04284028127597971,0.4638866395060419,0.6342447776179234,1.5003386969997337,0.3317610733787918,0.4227308498141504,1.0,0.4638866395060419,0.4638866395060419,0.9375381122227298,0.9375381122227298,mrp_misreport_rr_poststrat,1,500,full,shy_privacy_helps,privacy_helps,0.0,0.0,0.0,0.0,0.0,0.0,0.0,0.0,0.0,0.0,0.0,0.0
0.5,406.0,0.23166821397786694,0.046333642795573386,0.4832896793106739,0.6445786754240435,0.08026705100019171,0.34244787946528266,0.42945727574593257,0.0,0.4832896793106739,0.4832896793106739,0.9515639142040393,0.9515639142040393,mrp_learned_misreport_rr_poststrat,1,500,full,shy_privacy_helps,privacy_helps,0.0,0.0,0.0,0.0,0.0,0.0,0.0,0.0,0.0,0.0,0.0,0.0
0.5,406.0,0.3384999616723539,0.06769999233447078,0.58142241746942,0.792522648676468,0.20680397100022674,0.40023185000682454,0.4800603525898468,0.0,0.58142241746942,0.58142241746942,0.7926901494420219,0.7926901494420219,neural_rr_mrp,1,500,full,shy_privacy_helps,privacy_helps,0.0,0.0,0.0,0.0,0.0,0.0,0.0,0.0,0.0,0.0,0.0,0.0
1.0,406.0,0.10725517241379308,0.021451034482758615,0.4042110970540394,0.6027707096409386,0.00043869799992535263,0.29612589986552834,0.38839703637668993,1.0,0.4042110970540394,0.4042110970540394,0.7130124777183602,0.7130124777183602,raw_reported_distribution,1,500,full,shy_privacy_helps,privacy_helps,0.0,0.0,0.0,0.0,0.0,0.0,0.0,0.0,0.0,0.0,0.0,0.0
1.0,406.0,0.2965480365053228,0.05930960730106456,0.8378247211556946,1.0249625356041978,0.0012094250000700413,0.5531406116036117,0.7701317792804707,1.0,0.8378247211556946,0.8378247211556946,1.3435114503816794,1.3435114503816794,baseline_rr_debias,1,500,full,shy_privacy_helps,privacy_helps,0.0,0.0,0.0,0.0,0.0,0.0,0.0,0.0,0.0,0.0,0.0,0.0
1.0,406.0,0.1589057912319899,0.031781158246397975,0.5557236536655937,0.536889685822998,0.0026361179998275475,0.27559037771522993,0.3679624554783106,0.0,0.5557236536655937,0.5557236536655937,0.8997597956960214,0.8997597956960214,mrp_rr_poststrat,1,500,full,shy_privacy_helps,privacy_helps,0.0,0.0,0.0,0.0,0.0,0.0,0.0,0.0,0.0,0.0,0.0,0.0
1.0,406.0,0.2124199459243011,0.042483989184860224,0.4620680693958141,0.6311190146560027,2.3159248289998686,0.33074502465904926,0.42147561839128045,1.0,0.4620680693958141,0.4620680693958141,0.9368375720172335,0.9368375720172335,mrp_misreport_rr_poststrat,1,500,full,shy_privacy_helps,privacy_helps,0.0,0.0,0.0,0.0,0.0,0.0,0.0,0.0,0.0,0.0,0.0,0.0
1.0,406.0,0.22879029231946846,0.04575805846389369,0.4804101713337766,0.6408832131580545,0.003249013000186096,0.3409433681679796,0.427717394348285,0.0,0.4804101713337766,0.4804101713337766,0.9504714918937114,0.9504714918937114,mrp_learned_misreport_rr_poststrat,1,500,full,shy_privacy_helps,privacy_helps,0.0,0.0,0.0,0.0,0.0,0.0,0.0,0.0,0.0,0.0,0.0,0.0
1.0,406.0,0.1258134539232897,0.025162690784657937,0.39575842604704414,0.5140279317347637,0.08574828700011494,0.27091654679656674,0.37194286247008135,1.0,0.39575842604704414,0.39575842604704414,0.8892995687833657,0.8892995687833657,neural_rr_mrp,1,500,full,shy_privacy_helps,privacy_helps,0.0,0.0,0.0,0.0,0.0,0.0,0.0,0.0,0.0,0.0,0.0,0.0
2.0,406.0,0.0955251231527094,0.01910502463054188,0.3583047171516357,0.48767123287671227,0.0003070860002480913,0.22517751882379744,0.3606428492846124,0.0,0.3583047171516357,0.3583047171516357,0.7130124777183601,0.7130124777183601,raw_reported_distribution,1,500,full,shy_privacy_helps,privacy_helps,0.0,0.0,0.0,0.0,0.0,0.0,0.0,0.0,0.0,0.0,0.0,0.0
2.0,406.0,0.2118115291105443,0.042362305822108856,0.704308283368901,0.6016967069576401,0.0010492500000509608,0.3870400379065644,0.49354692532802935,0.0,0.704308283368901,0.704308283368901,0.6352274060725895,0.6352274060725895,baseline_rr_debias,1,500,full,shy_privacy_helps,privacy_helps,0.0,0.0,0.0,0.0,0.0,0.0,0.0,0.0,0.0,0.0,0.0,0.0
2.0,406.0,0.08082004207074643,0.016164008414149285,0.41346536603410017,0.5825908371894543,0.0024538970001231064,0.267669877460599,0.38031947935521604,1.0,0.41346536603410017,0.41346536603410017,0.8396499477685455,0.8396499477685455,mrp_rr_poststrat,1,500,full,shy_privacy_helps,privacy_helps,0.0,0.0,0.0,0.0,0.0,0.0,0.0,0.0,0.0,0.0,0.0,0.0
2.0,406.0,0.20447044637087966,0.040894089274175933,0.4539658142416162,0.6246020463025874,1.3325390370000605,0.3266952019581873,0.4185492329250586,0.0,0.4539658142416162,0.4539658142416162,0.935396787706696,0.935396787706696,mrp_misreport_rr_poststrat,1,500,full,shy_privacy_helps,privacy_helps,0.0,0.0,0.0,0.0,0.0,0.0,0.0,0.0,0.0,0.0,0.0,0.0
2.0,406.0,0.22026361332541428,0.04405272266508285,0.4715001932672015,0.6339634475695657,0.002971895999962726,0.33619299409587894,0.4242043760540463,1.0,0.4715001932672015,0.4715001932672015,0.9470325710350619,0.9470325710350619,mrp_learned_misreport_rr_poststrat,1,500,full,shy_privacy_helps,privacy_helps,0.0,0.0,0.0,0.0,0.0,0.0,0.0,0.0,0.0,0.0,0.0,0.0
2.0,406.0,0.09460184818428348,0.018920369636856695,0.35278718896165795,0.5992339344126005,0.014623776999997062,0.24845507567258157,0.36926397400294575,0.0,0.35278718896165795,0.35278718896165795,0.8400970324487927,0.8400970324487927,neural_rr_mrp,1,500,full,shy_privacy_helps,privacy_helps,0.0,0.0,0.0,0.0,0.0,0.0,0.0,0.0,0.0,0.0,0.0,0.0
0.2,1000.0,0.1656,0.03312,0.5246245197345442,0.6356846473029045,0.0006260820000534295,0.3091196488237757,0.4702321960112277,0.0,0.5246245197345442,0.5246245197345442,0.7339719970523214,0.7339719970523214,raw_reported_distribution,1,1000,full,no_bias,no_bias,0.0,0.0,0.0,0.0,0.0,0.0,0.0,0.0,0.0,0.0,0.0,0.0
0.2,1000.0,0.6161261442484668,0.12322522884969336,1.3292965781403532,1.419847328244275,0.0010948029998871789,1.041378067171842,1.0560193457068945,0.0,1.3292965781403532,1.3292965781403532,1.4546673906816727,1.4546673906816727,baseline_rr_debias,1,1000,full,no_bias,no_bias,0.0,0.0,0.0,0.0,0.0,0.0,0.0,0.0,0.0,0.0,0.0,0.0
0.2,1000.0,0.07567722603082659,0.015135445206165318,0.42834697592685045,0.5593479169943071,0.0029244150000522495,0.2689724988758564,0.3814645838141441,1.0,0.42834697592685045,0.42834697592685045,0.8036239942844539,0.8036239942844539,mrp_rr_poststrat,1,1000,full,no_bias,no_bias,0.0,0.0,0.0,0.0,0.0,0.0,0.0,0.0,0.0,0.0,0.0,0.0
0.2,1000.0,0.21364439327968668,0.04272887865593734,0.4634301054533044,0.6332745201567137,0.00368451600024855,0.33144753578929054,0.4223268278091776,1.0,0.4634301054533044,0.4634301054533044,0.937246783198296,0.937246783198296,mrp_misreport_rr_poststrat,1,1000,full,no_bias,no_bias,0.0,0.0,0.0,0.0,0.0,0.0,0.0,0.0,0.0,0.0,0.0,0.0
0.2,1000.0,0.231339392982146,0.0462678785964292,0.4831621789132267,0.6441018745936996,0.00801187100023526,0.3421525545236922,0.4291007832505509,0.0,0.4831621789132267,0.4831621789132267,0.9509554592986704,0.9509554592986704,mrp_learned_misreport_rr_poststrat,1,1000,full,no_bias,no_bias,0.0,0.0,0.0,0.0,0.0,0.0,0.0,0.0,0.0,0.0,0.0,0.0
0.2,1000.0,0.19185755160442924,0.03837151032088585,0.4322865184988227,0.6724815130671998,0.013386226999955397,0.3197089161094881,0.4143965927387426,0.0,0.4322865184988227,0.4322865184988227,0.7372381475976499,0.7372381475976499,neural_rr_mrp,1,1000,full,no_bias,no_bias,0.0,0.0,0.0,0.0,0.0,0.0,0.0,0.0,0.0,0.0,0.0,0.0
0.5,1000.0,0.21760000000000002,0.04352,0.4698676627106051,0.656737278881852,0.0004984880001757119,0.3537305698901027,0.42185855124739896,0.0,0.4698676627106051,0.4698676627106051,1.029029793735676,1.029029793735676,raw_reported_distribution,1,1000,full,no_bias,no_bias,0.0,0.0,0.0,0.0,0.0,0.0,0.0,0.0,0.0,0.0,0.0,0.0
0.5,1000.0,0.5515884614595674,0.11031769229191349,1.1529921712979796,1.2276813588750861,0.001157619999958115,0.7481072624009037,0.8709259827020913,0.0,1.1529921712979796,1.1529921712979796,1.6144913089362882,1.6144913089362882,baseline_rr_debias,1,1000,full,no_bias,no_bias,0.0,0.0,0.0,0.0,0.0,0.0,0.0,0.0,0.0,0.0,0.0,0.0
0.5,1000.0,0.23743550452589987,0.04748710090517998,0.4847122353481251,0.6326645757090996,0.0025913340000442986,0.35074442781209947,0.45158745684027674,0.0,0.4847122353481251,0.4847122353481251,0.9320961916669805,0.9320961916669805,mrp_rr_poststrat,1,1000,full,no_bias,no_bias,0.0,0.0,0.0,0.0,0.0,0.0,0.0,0.0,0.0,0.0,0.0,0.0
0.5,1000.0,0.21408419693503877,0.042816839387007755,0.4637298015127007,0.6339132548797319,0.0028354149999358924,0.3317632434000975,0.42260652001988064,1.0,0.4637298015127007,0.4637298015127007,0.9374669181909964,0.9374669181909964,mrp_misreport_rr_poststrat,1,1000,full,no_bias,no_bias,0.0,0.0,0.0,0.0,0.0,0.0,0.0,0.0,0.0,0.0,0.0,0.0
0.5,1000.0,0.231138307390619,0.0462276614781238,0.48274147968283343,0.6438066861984224,0.003257673000007344,0.3421704487704058,0.42908844173814803,0.0,0.48274147968283343,0.48274147968283343,0.9509268069879593,0.9509268069879593,mrp_learned_misreport_rr_poststrat,1,1000,full,no_bias,no_bias,0.0,0.0,0.0,0.0,0.0,0.0,0.0,0.0,0.0,0.0,0.0,0.0
0.5,1000.0,0.2847693616427074,0.056953872328541474,0.526510075459477,0.7773676865796328,0.01216746999989482,0.39897453772603886,0.49521174798774514,0.0,0.526510075459477,0.526510075459477,0.9508444581974975,0.9508444581974975,neural_rr_mrp,1,1000,full,no_bias,no_bias,0.0,0.0,0.0,0.0,0.0,0.0,0.0,0.0,0.0,0.0,0.0,0.0
1.0,1000.0,0.1696,0.03392,0.4997797992376497,0.5766488413547237,0.00037239200037220144,0.31083430336379325,0.3506954921694435,1.0,0.4997797992376497,0.4997797992376497,0.7409478051976415,0.7409478051976415,raw_reported_distribution,1,1000,full,no_bias,no_bias,0.0,0.0,0.0,0.0,0.0,0.0,0.0,0.0,0.0,0.0,0.0,0.0
1.0,1000.0,0.1564918474042643,0.031298369480852864,0.7235393617742372,0.6984867543512405,0.0010545899999669928,0.5740434176755427,0.530895687320162,1.0,0.7235393617742372,0.7235393617742372,1.047251335128866,1.047251335128866,baseline_rr_debias,1,1000,full,no_bias,no_bias,0.0,0.0,0.0,0.0,0.0,0.0,0.0,0.0,0.0,0.0,0.0,0.0
1.0,1000.0,0.1561608529150486,0.03123217058300972,0.4146070177404979,0.6035269109292645,0.002404858999852877,0.29487923488020895,0.4057864222586155,0.0,0.4146070177404979,0.4146070177404979,0.7786527951372499,0.7786527951372499,mrp_rr_poststrat,1,1000,full,no_bias,no_bias,0.0,0.0,0.0,0.0,0.0,0.0,0.0,0.0,0.0,0.0,0.0,0.0
1.0,1000.0,0.21321209931709686,0.04264241986341937,0.4632112531367987,0.6333398856625552,0.0029703200002586527,0.33094523206435816,0.4218820673110052,1.0,0.4632112531367987,0.4632112531367987,0.9355423806218194,0.9355423806218194,mrp_misreport_rr_poststrat,1,1000,full,no_bias,no_bias,0.0,0.0,0.0,0.0,0.0,0.0,0.0,0.0,0.0,0.0,0.0,0.0
1.0,1000.0,0.2299854093120674,0.04599708186241348,0.48180771996735583,0.6437726881642303,0.002982184000302368,0.341272539780792,0.4283614454708676,0.0,0.48180771996735583,0.48180771996735583,0.9494349242843012,0.9494349242843012,mrp_learned_misreport_rr_poststrat,1,1000,full,no_bias,no_bias,0.0,0.0,0.0,0.0,0.0,0.0,0.0,0.0,0.0,0.0,0.0,0.0
1.0,1000.0,0.2833211111215843,0.056664222224316864,0.544259612587027,0.7772193181650626,0.012645017000068037,0.3742243300514359,0.44009049286272556,0.0,0.544259612587027,0.544259612587027,0.7833745492364639,0.7833745492364639,neural_rr_mrp,1,1000,full,no_bias,no_bias,0.0,0.0,0.0,0.0,0.0,0.0,0.0,0.0,0.0,0.0,0.0,0.0
2.0,1000.0,0.1236,0.02472,0.28859967501404726,0.33199033037872683,0.0003764570001294487,0.20189492100689072,0.23813321987044528,1.0,0.28859967501404726,0.28859967501404726,0.36236312706900947,0.36236312706900947,raw_reported_distribution,1,1000,full,no_bias,no_bias,0.0,0.0,0.0,0.0,0.0,0.0,0.0,0.0,0.0,0.0,0.0,0.0
2.0,1000.0,0.08415623499247651,0.0168312469984953,0.3247609422884477,0.4279834717571024,0.0011378770000192162,0.17855593105936385,0.2671856052706532,1.0,0.3247609422884477,0.3247609422884477,0.5242739738016738,0.5242739738016738,baseline_rr_debias,1,1000,full,no_bias,no_bias,0.0,0.0,0.0,0.0,0.0,0.0,0.0,0.0,0.0,0.0,0.0,0.0
2.0,1000.0,0.15097766736745835,0.03019553347349167,0.4127575606654209,0.5489209498669102,0.002813518000039039,0.30212563324570657,0.3849934074997902,1.0,0.4127575606654209,0.4127575606654209,0.9090668414445485,0.9090668414445485,mrp_rr_poststrat,1,1000,full,no_bias,no_bias,0.0,0.0,0.0,0.0,0.0,0.0,0.0,0.0,0.0,0.0,0.0,0.0
2.0,1000.0,0.20797887401200787,0.04159577480240158,0.4577477210122861,0.6274916764460433,0.003062969999973575,0.3268615037849351,0.41815873385778746,1.0,0.4577477210122861,0.4577477210122861,0.932646638857583,0.932646638857583,mrp_misreport_rr_poststrat,1,1000,full,no_bias,no_bias,0.0,0.0,0.0,0.0,0.0,0.0,0.0,0.0,0.0,0.0,0.0,0.0
2.0,1000.0,0.22821445953882025,0.04564289190776405,0.47949607948293793,0.6392869876917676,0.003317490999961592,0.3395687881029795,0.42646324395848945,0.0,0.47949607948293793,0.47949607948293793,0.9472793701647915,0.9472793701647915,mrp_learned_misreport_rr_poststrat,1,1000,full,no_bias,no_bias,0.0,0.0,0.0,0.0,0.0,0.0,0.0,0.0,0.0,0.0,0.0,0.0
2.0,1000.0,0.14601466928378326,0.029202933856756652,0.3926830186042837,0.6074056597314461,0.012264321000202472,0.2973428230279164,0.38513734875497463,0.0,0.3926830186042837,0.3926830186042837,0.8272932766119448,0.8272932766119448,neural_rr_mrp,1,1000,full,no_bias,no_bias,0.0,0.0,0.0,0.0,0.0,0.0,0.0,0.0,0.0,0.0,0.0,0.0
0.2,854.0,0.17872412177985955,0.03574482435597191,0.4120072100369425,0.5837033167928963,0.00039393999986714334,0.2801208899583155,0.40102555120823835,1.0,0.4120072100369425,0.4120072100369425,1.0576012223071047,1.0576012223071047,raw_reported_distribution,1,1000,full,nonresponse,nonresponse,0.0,0.0,0.0,0.0,0.0,0.0,0.0,0.0,0.0,0.0,0.0,0.0
0.2,854.0,1.124002992625111,0.22480059852502218,1.1408662165522026,1.4689112669668474,0.0011359610002728004,0.8971907939910946,0.8879732540181011,1.0,1.1408662165522026,1.1408662165522026,1.4689112669668474,1.4689112669668474,baseline_rr_debias,1,1000,full,nonresponse,nonresponse,0.0,0.0,0.0,0.0,0.0,0.0,0.0,0.0,0.0,0.0,0.0,0.0
0.2,854.0,0.1311588279426098,0.02623176558852196,0.49374808071858844,0.5282116480021851,0.0025798540000323555,0.29278670663833617,0.382856766307354,1.0,0.49374808071858844,0.49374808071858844,0.8898375715642051,0.8898375715642051,mrp_rr_poststrat,1,1000,full,nonresponse,nonresponse,0.0,0.0,0.0,0.0,0.0,0.0,0.0,0.0,0.0,0.0,0.0,0.0
0.2,854.0,0.2137289313393659,0.04274578626787318,0.4635055881931402,0.6330713755706767,0.003265714000008302,0.3314352441349452,0.4222670595927582,1.0,0.4635055881931402,0.4635055881931402,0.9373261119981389,0.9373261119981389,mrp_misreport_rr_poststrat,1,1000,full,nonresponse,nonresponse,0.0,0.0,0.0,0.0,0.0,0.0,0.0,0.0,0.0,0.0,0.0,0.0
0.2,854.0,0.23138073716425275,0.04627614743285055,0.48315366144467325,0.6439831085273072,0.0041118640001513995,0.3421173426664945,0.42904405346184393,0.0,0.48315366144467325,0.48315366144467325,0.9508467163973696,0.9508467163973696,mrp_learned_misreport_rr_poststrat,1,1000,full,nonresponse,nonresponse,0.0,0.0,0.0,0.0,0.0,0.0,0.0,0.0,0.0,0.0,0.0,0.0
0.2,854.0,0.15834288602601398,0.031668577205202796,0.40430283464619254,0.619242879027015,0.014059288000225934,0.30111359137254023,0.40446066773149464,1.0,0.40430283464619254,0.40430283464619254,0.8075706594669928,0.8075706594669928,neural_rr_mrp,1,1000,full,nonresponse,nonresponse,0.0,0.0,0.0,0.0,0.0,0.0,0.0,0.0,0.0,0.0,0.0,0.0
0.5,854.0,0.26303325526932086,0.052606651053864174,0.5141969910588402,0.6606846473029045,0.0005430320002233202,0.3617368341133509,0.47169701864987396,0.0,0.5141969910588402,0.5141969910588402,0.971886936592819,0.971886936592819,raw_reported_distribution,1,1000,full,nonresponse,nonresponse,0.0,0.0,0.0,0.0,0.0,0.0,0.0,0.0,0.0,0.0,0.0,0.0
0.5,854.0,0.6132087260095306,0.12264174520190611,1.3928062492147306,1.2737684006537355,0.0016162110000550456,0.8794244355002083,0.9428059083060978,0.0,1.3928062492147306,1.3928062492147306,1.2737684006537355,1.2737684006537355,baseline_rr_debias,1,1000,full,nonresponse,nonresponse,0.0,0.0,0.0,0.0,0.0,0.0,0.0,0.0,0.0,0.0,0.0,0.0
0.5,854.0,0.33850010240376,0.067700020480752,0.5874432705725318,0.7899768819329155,0.003533641000103671,0.4082740222722292,0.5006630819171667,0.0,0.5874432705725318,0.5874432705725318,1.0187346335241503,1.0187346335241503,mrp_rr_poststrat,1,1000,full,nonresponse,nonresponse,0.0,0.0,0.0,0.0,0.0,0.0,0.0,0.0,0.0,0.0,0.0,0.0
0.5,854.0,0.21461549641289238,0.042923099282578474,0.46440902351672597,0.6342955156920245,0.0038260970000010275,0.33197250467642425,0.4228048335701319,1.0,0.46440902351672597,0.46440902351672597,0.9377232319719316,0.9377232319719316,mrp_misreport_rr_poststrat,1,1000,full,nonresponse,nonresponse,0.0,0.0,0.0,0.0,0.0,0.0,0.0,0.0,0.0,0.0,0.0,0.0
0.5,854.0,0.2322638966124155,0.0464527793224831,0.48398170457618545,0.6443405760446206,0.004952824000156397,0.3427548680320425,0.4295407863909791,0.0,0.48398170457618545,0.48398170457618545,0.9519118727372682,0.9519118727372682,mrp_learned_misreport_rr_poststrat,1,1000,full,nonresponse,nonresponse,0.0,0.0,0.0,0.0,0.0,0.0,0.0,0.0,0.0,0.0,0.0,0.0
0.5,854.0,0.254908148046451,0.0509816296092902,0.4921681035206211,0.694477648789393,0.014487802000076044,0.3414397645378397,0.4409645504427527,0.0,0.4921681035206211,0.4921681035206211,0.9385917837721416,0.9385917837721416,neural_rr_mrp,1,1000,full,nonresponse,nonresponse,0.0,0.0,0.0,0.0,0.0,0.0,0.0,0.0,0.0,0.0,0.0,0.0
1.0,854.0,0.12661826697892276,0.025323653395784552,0.5777131333321435,0.4606846473029046,0.00033273899998675915,0.34344301798807053,0.3256044740103614,0.0,0.5777131333321435,0.5777131333321435,0.6576012223071046,0.6576012223071046,raw_reported_distribution,1,1000,full,nonresponse,nonresponse,0.0,0.0,0.0,0.0,0.0,0.0,0.0,0.0,0.0,0.0,0.0,0.0
1.0,854.0,0.2903334441321631,0.05806668882643262,1.1602781092368009,0.731815916677204,0.0012115099998482037,0.6583077570817061,0.5590964736280057,0.0,1.1602781092368009,1.1602781092368009,0.7413881552393908,0.7413881552393908,baseline_rr_debias,1,1000,full,nonresponse,nonresponse,0.0,0.0,0.0,0.0,0.0,0.0,0.0,0.0,0.0,0.0,0.0,0.0
1.0,854.0,0.10821766724288466,0.021643533448576932,0.4064463040167484,0.5695331842016382,0.0030325379998430435,0.28630423065125943,0.38887520381510254,1.0,0.4064463040167484,0.4064463040167484,0.79637341002092,0.79637341002092,mrp_rr_poststrat,1,1000,full,nonresponse,nonresponse,0.0,0.0,0.0,0.0,0.0,0.0,0.0,0.0,0.0,0.0,0.0,0.0
1.0,854.0,0.21165714368803162,0.04233142873760633,0.46122819992941866,0.6333160345183468,0.0032274740001412283,0.3299267859866396,0.4212244215170155,1.0,0.46122819992941866,0.46122819992941866,0.9347123330110545,0.9347123330110545,mrp_misreport_rr_poststrat,1,1000,full,nonresponse,nonresponse,0.0,0.0,0.0,0.0,0.0,0.0,0.0,0.0,0.0,0.0,0.0,0.0
1.0,854.0,0.2299219651474576,0.04598439302949152,0.4817179592171059,0.6430895233024716,0.0036220560000401747,0.3411723783192848,0.42810064236362433,0.0,0.4817179592171059,0.4817179592171059,0.9495174122488248,0.9495174122488248,mrp_learned_misreport_rr_poststrat,1,1000,full,nonresponse,nonresponse,0.0,0.0,0.0,0.0,0.0,0.0,0.0,0.0,0.0,0.0,0.0,0.0
1.0,854.0,0.20403270450729175,0.04080654090145835,0.46825087535313237,0.678671852706998,0.0144387390000702,0.33339877188029293,0.4077186978524668,0.0,0.46825087535313237,0.46825087535313237,0.7400447506989888,0.7400447506989888,neural_rr_mrp,1,1000,full,nonresponse,nonresponse,0.0,0.0,0.0,0.0,0.0,0.0,0.0,0.0,0.0,0.0,0.0,0.0
2.0,854.0,0.10052177985948478,0.020104355971896956,0.28574233041243546,0.4199965178027335,0.00034122400029446,0.19545520977151368,0.23694401508956284,1.0,0.28574233041243546,0.28574233041243546,0.4861726508785333,0.4861726508785333,raw_reported_distribution,1,1000,full,nonresponse,nonresponse,0.0,0.0,0.0,0.0,0.0,0.0,0.0,0.0,0.0,0.0,0.0,0.0
2.0,854.0,0.07712307528809374,0.01542461505761875,0.29324246375677454,0.4124793231163149,0.0010959710002680367,0.20138187826812434,0.26155221472192997,1.0,0.29324246375677454,0.29324246375677454,0.5631746727054348,0.4673481370535074,baseline_rr_debias,1,1000,full,nonresponse,nonresponse,0.0,0.0,0.0,0.0,0.0,0.0,0.0,0.0,0.0,0.0,0.0,0.0
2.0,854.0,0.07573295156359676,0.015146590312719352,0.44646255686790287,0.544384009599433,0.002431670999612834,0.26398032774329183,0.3683941508233547,1.0,0.44646255686790287,0.44646255686790287,0.8381940772667288,0.8381940772667288,mrp_rr_poststrat,1,1000,full,nonresponse,nonresponse,0.0,0.0,0.0,0.0,0.0,0.0,0.0,0.0,0.0,0.0,0.0,0.0
2.0,854.0,0.20676889395624232,0.04135377879124846,0.4567015939828233,0.626872359152542,0.0029693290002796857,0.3274124832733585,0.4190971018359397,1.0,0.4567015939828233,0.4567015939828233,0.9322210188766105,0.9322210188766105,mrp_misreport_rr_poststrat,1,1000,full,nonresponse,nonresponse,0.0,0.0,0.0,0.0,0.0,0.0,0.0,0.0,0.0,0.0,0.0,0.0
2.0,854.0,0.2252914882663391,0.04505829765326782,0.47686090067089715,0.6378316120695503,0.0034438120001141215,0.3387753829087618,0.42616683803445726,0.0,0.47686090067089715,0.47686090067089715,0.9468240814293348,0.9468240814293348,mrp_learned_misreport_rr_poststrat,1,1000,full,nonresponse,nonresponse,0.0,0.0,0.0,0.0,0.0,0.0,0.0,0.0,0.0,0.0,0.0,0.0
2.0,854.0,0.12422327031087331,0.024844654062174662,0.35471907880432996,0.5620705082454374,0.014042503999917244,0.26605385582777047,0.3725204194963942,0.0,0.35471907880432996,0.35471907880432996,0.8887018060949803,0.8887018060949803,neural_rr_mrp,1,1000,full,nonresponse,nonresponse,0.0,0.0,0.0,0.0,0.0,0.0,0.0,0.0,0.0,0.0,0.0,0.0
0.2,1000.0,0.20560000000000006,0.04112000000000001,0.42524563774696644,0.6356846473029046,0.00044112899968240527,0.31752748171463274,0.4108363792388737,0.0,0.42524563774696644,0.42524563774696644,0.9337916984975809,0.9337916984975809,raw_reported_distribution,1,1000,full,shy_fixed,shy_voter,0.0,0.0,0.0,0.0,0.0,0.0,0.0,0.0,0.0,0.0,0.0,0.0
0.2,1000.0,0.8004000000000001,0.16008000000000003,1.456242707117853,1.2773536895674302,0.0013170920001357445,1.2509068894582676,1.0771854729671881,0.0,1.456242707117853,1.456242707117853,1.3948831723881105,1.3948831723881105,baseline_rr_debias,1,1000,full,shy_fixed,shy_voter,0.0,0.0,0.0,0.0,0.0,0.0,0.0,0.0,0.0,0.0,0.0,0.0
0.2,1000.0,0.2733154449284077,0.05466308898568154,0.5627063524355708,0.6244717440804687,0.0025910980002663564,0.34651833658218384,0.43071098138689995,0.0,0.5627063524355708,0.5627063524355708,1.0284272595283819,1.0284272595283819,mrp_rr_poststrat,1,1000,full,shy_fixed,shy_voter,0.0,0.0,0.0,0.0,0.0,0.0,0.0,0.0,0.0,0.0,0.0,0.0
0.2,1000.0,0.2137631367951935,0.042752627359038696,0.4635086607036447,0.6330887126237652,0.6379748750000545,0.33156092984988583,0.42235351745472827,1.0,0.4635086607036447,0.4635086607036447,0.9375503489792667,0.9375503489792667,mrp_misreport_rr_poststrat,1,1000,full,shy_fixed,shy_voter,0.0,0.0,0.0,0.0,0.0,0.0,0.0,0.0,0.0,0.0,0.0,0.0
0.2,1000.0,0.23138495242379473,0.046276990484758945,0.4831328347791417,0.6438391590682501,0.003389796000192291,0.3421746912387521,0.42906228206335134,0.0,0.4831328347791417,0.4831328347791417,0.951097515386346,0.951097515386346,mrp_learned_misreport_rr_poststrat,1,1000,full,shy_fixed,shy_voter,0.0,0.0,0.0,0.0,0.0,0.0,0.0,0.0,0.0,0.0,0.0,0.0
0.2,1000.0,0.2052259619784981,0.04104519239569962,0.465086109151277,0.689962186888624,0.014473057000031986,0.34211081340297195,0.44244139228234025,0.0,0.465086109151277,0.465086109151277,0.9164335455040783,0.9164335455040783,neural_rr_mrp,1,1000,full,shy_fixed,shy_voter,0.0,0.0,0.0,0.0,0.0,0.0,0.0,0.0,0.0,0.0,0.0,0.0
0.5,1000.0,0.17559999999999998,0.03512,0.45009035824386096,0.4980237154150198,0.00038176399993972154,0.33764401018940443,0.38381308359004745,0.0,0.45009035824386096,0.45009035824386096,0.814744079449962,0.814744079449962,raw_reported_distribution,1,1000,full,shy_fixed,shy_voter,0.0,0.0,0.0,0.0,0.0,0.0,0.0,0.0,0.0,0.0,0.0,0.0
0.5,1000.0,0.2391045857775757,0.04782091715551514,1.1161990947571443,1.0372169880384567,0.0015564929999527521,0.77649756292287,0.7356630785254115,0.0,1.1161990947571443,1.1161990947571443,1.3541667747923372,1.3359683794466406,baseline_rr_debias,1,1000,full,shy_fixed,shy_voter,0.0,0.0,0.0,0.0,0.0,0.0,0.0,0.0,0.0,0.0,0.0,0.0
0.5,1000.0,0.12211696326136591,0.024423392652273182,0.41752012453188236,0.5575180585762771,0.0034055569999509316,0.2882110688447952,0.37754886904358864,1.0,0.41752012453188236,0.41752012453188236,0.8778158273687338,0.8778158273687338,mrp_rr_poststrat,1,1000,full,shy_fixed,shy_voter,0.0,0.0,0.0,0.0,0.0,0.0,0.0,0.0,0.0,0.0,0.0,0.0
0.5,1000.0,0.21359725512705327,0.04271945102541065,0.46342776466400504,0.632996785176724,2.322830724999676,0.33155818046533225,0.4223217487201945,1.0,0.46342776466400504,0.46342776466400504,0.9375847821942855,0.9375847821942855,mrp_misreport_rr_poststrat,1,1000,full,shy_fixed,shy_voter,0.0,0.0,0.0,0.0,0.0,0.0,0.0,0.0,0.0,0.0,0.0,0.0
0.5,1000.0,0.23102522704505274,0.04620504540901055,0.4828189131412584,0.6433672342949146,0.005095450000226265,0.34206501171351006,0.4289031787632225,0.0,0.4828189131412584,0.4828189131412584,0.9510865163692975,0.9510865163692975,mrp_learned_misreport_rr_poststrat,1,1000,full,shy_fixed,shy_voter,0.0,0.0,0.0,0.0,0.0,0.0,0.0,0.0,0.0,0.0,0.0,0.0
0.5,1000.0,0.19762352332073854,0.03952470466414771,0.4529154805612717,0.6706364199842414,0.06754036800020913,0.3258883348327365,0.4105914349335505,0.0,0.4529154805612717,0.4529154805612717,0.8075142993779146,0.8075142993779146,neural_rr_mrp,1,1000,full,shy_fixed,shy_voter,0.0,0.0,0.0,0.0,0.0,0.0,0.0,0.0,0.0,0.0,0.0,0.0
1.0,1000.0,0.14959999999999998,0.029919999999999995,0.41282327749851927,0.4041056999344835,0.0006566710003426124,0.3012159943422658,0.2943235671455036,1.0,0.41282327749851927,0.41282327749851927,0.6242678889737713,0.6242678889737713,raw_reported_distribution,1,1000,full,shy_fixed,shy_voter,0.0,0.0,0.0,0.0,0.0,0.0,0.0,0.0,0.0,0.0,0.0,0.0
1.0,1000.0,0.29191513752972764,0.058383027505945526,0.9005664232980741,0.6635367762128325,0.001516744000127801,0.6348186859948991,0.43121526258210024,1.0,0.9005664232980741,0.9005664232980741,0.8058727948665009,0.6635367762128325,baseline_rr_debias,1,1000,full,shy_fixed,shy_voter,0.0,0.0,0.0,0.0,0.0,0.0,0.0,0.0,0.0,0.0,0.0,0.0
1.0,1000.0,0.19606840121746064,0.03921368024349213,0.44844559417960117,0.5722140557909408,0.004205878999982815,0.3176649886488915,0.4013356799006462,1.0,0.44844559417960117,0.44844559417960117,0.9214590447232686,0.9214590447232686,mrp_rr_poststrat,1,1000,full,shy_fixed,shy_voter,0.0,0.0,0.0,0.0,0.0,0.0,0.0,0.0,0.0,0.0,0.0,0.0
1.0,1000.0,0.21187180827686738,0.04237436165537348,0.46167040870629295,0.6313572358216964,2.374215407000065,0.33003155011924357,0.42093734142280254,1.0,0.46167040870629295,0.46167040870629295,0.9352654009808357,0.9352654009808357,mrp_misreport_rr_poststrat,1,1000,full,shy_fixed,shy_voter,0.0,0.0,0.0,0.0,0.0,0.0,0.0,0.0,0.0,0.0,0.0,0.0
1.0,1000.0,0.23043259888708353,0.04608651977741671,0.48226628353151296,0.6431609304116814,0.004145777000303497,0.3410927049076532,0.4280735003188024,0.0,0.48226628353151296,0.48226628353151296,0.9488103354921059,0.9488103354921059,mrp_learned_misreport_rr_poststrat,1,1000,full,shy_fixed,shy_voter,0.0,0.0,0.0,0.0,0.0,0.0,0.0,0.0,0.0,0.0,0.0,0.0
1.0,1000.0,0.2573363223644356,0.05146726447288712,0.5170388129652261,0.7210899213719286,0.015256048000082956,0.3581334775569386,0.43811539566964763,0.0,0.5170388129652261,0.5170388129652261,0.8291756707353668,0.8291756707353668,neural_rr_mrp,1,1000,full,shy_fixed,shy_voter,0.0,0.0,0.0,0.0,0.0,0.0,0.0,0.0,0.0,0.0,0.0,0.0
2.0,1000.0,0.10840000000000004,0.02168000000000001,0.21543472670647734,0.5065807144775718,0.0006362849999277387,0.17735260769060351,0.25061052770961173,0.0,0.21543472670647734,0.21543472670647734,0.6480774127832951,0.6480774127832951,raw_reported_distribution,1,1000,full,shy_fixed,shy_voter,0.0,0.0,0.0,0.0,0.0,0.0,0.0,0.0,0.0,0.0,0.0,0.0
2.0,1000.0,0.09643388140492659,0.019286776280985317,0.2117384621739425,0.5154739484995581,0.0016259980002359953,0.16572288468706742,0.30703965164226715,0.0,0.2117384621739425,0.2117384621739425,0.7350066320986476,0.7350066320986476,baseline_rr_debias,1,1000,full,shy_fixed,shy_voter,0.0,0.0,0.0,0.0,0.0,0.0,0.0,0.0,0.0,0.0,0.0,0.0
2.0,1000.0,0.17140383971929551,0.034280767943859106,0.4193575979372108,0.5851304844578272,0.0029276039999786008,0.3108025760114193,0.4041231547057629,0.0,0.4193575979372108,0.4193575979372108,0.9545945532341056,0.9545945532341056,mrp_rr_poststrat,1,1000,full,shy_fixed,shy_voter,0.0,0.0,0.0,0.0,0.0,0.0,0.0,0.0,0.0,0.0,0.0,0.0
2.0,1000.0,0.20833008765185615,0.04166601753037123,0.4572589988716922,0.6263000833717395,1.265949883000303,0.3282431972730177,0.41899603812244257,1.0,0.4572589988716922,0.4572589988716922,0.9343659787317625,0.9343659787317625,mrp_misreport_rr_poststrat,1,1000,full,shy_fixed,shy_voter,0.0,0.0,0.0,0.0,0.0,0.0,0.0,0.0,0.0,0.0,0.0,0.0
2.0,1000.0,0.2260522091624315,0.0452104418324863,0.47693388274146575,0.6380704287184884,0.00344760200005112,0.3387619776241712,0.4259337977046271,0.0,0.47693388274146575,0.47693388274146575,0.9480315616779655,0.9480315616779655,mrp_learned_misreport_rr_poststrat,1,1000,full,shy_fixed,shy_voter,0.0,0.0,0.0,0.0,0.0,0.0,0.0,0.0,0.0,0.0,0.0,0.0
2.0,1000.0,0.0908886236689795,0.0181777247337959,0.34670390616214836,0.522189911765216,0.013494785000148113,0.2622000756296577,0.3659701460520342,1.0,0.34670390616214836,0.34670390616214836,0.8602131586009231,0.8602131586009231,neural_rr_mrp,1,1000,full,shy_fixed,shy_voter,0.0,0.0,0.0,0.0,0.0,0.0,0.0,0.0,0.0,0.0,0.0,0.0
0.2,854.0,0.18106604215456676,0.03621320843091335,0.397408669890957,0.5360842691738487,0.00036289299987402046,0.29914234463938866,0.4012986287487703,0.0,0.397408669890957,0.397408669890957,0.8576012223071047,0.8576012223071047,raw_reported_distribution,1,1000,full,shy_privacy_helps,privacy_helps,0.0,0.0,0.0,0.0,0.0,0.0,0.0,0.0,0.0,0.0,0.0,0.0
0.2,854.0,0.6165794627805243,0.12331589255610487,1.05953170604919,1.6160877513711152,0.0012084109998795611,0.7096586045051317,0.9314688124821319,0.0,1.05953170604919,1.05953170604919,1.6160877513711152,1.6160877513711152,baseline_rr_debias,1,1000,full,shy_privacy_helps,privacy_helps,0.0,0.0,0.0,0.0,0.0,0.0,0.0,0.0,0.0,0.0,0.0,0.0
0.2,854.0,0.15408687920570371,0.03081737584114074,0.54416010154052,0.5401164206660861,0.0027707660001397016,0.3000487224578857,0.3895608637809753,1.0,0.54416010154052,0.54416010154052,0.923344261067755,0.923344261067755,mrp_rr_poststrat,1,1000,full,shy_privacy_helps,privacy_helps,0.0,0.0,0.0,0.0,0.0,0.0,0.0,0.0,0.0,0.0,0.0,0.0
0.2,854.0,0.21376826230655652,0.042753652461311305,0.4635202441896211,0.6332494024750767,0.6026890570001342,0.3315688773151219,0.42239819263435235,1.0,0.4635202441896211,0.4635202441896211,0.9374785660309375,0.9374785660309375,mrp_misreport_rr_poststrat,1,1000,full,shy_privacy_helps,privacy_helps,0.0,0.0,0.0,0.0,0.0,0.0,0.0,0.0,0.0,0.0,0.0,0.0
0.2,854.0,0.23116888605832847,0.046233777211665696,0.48290463866463906,0.6437569899719231,0.003322526000374637,0.3420619257295463,0.4289803061063535,0.0,0.48290463866463906,0.48290463866463906,0.9509717725704987,0.9509717725704987,mrp_learned_misreport_rr_poststrat,1,1000,full,shy_privacy_helps,privacy_helps,0.0,0.0,0.0,0.0,0.0,0.0,0.0,0.0,0.0,0.0,0.0,0.0
0.2,854.0,0.20574130419920786,0.04114826083984157,0.4366931980145795,0.6053782910927767,0.01290715100003581,0.3178906050938907,0.41975211372510557,0.0,0.4366931980145795,0.4366931980145795,0.9816212114044294,0.9816212114044294,neural_rr_mrp,1,1000,full,shy_privacy_helps,privacy_helps,0.0,0.0,0.0,0.0,0.0,0.0,0.0,0.0,0.0,0.0,0.0,0.0
0.5,854.0,0.28176861826697897,0.05635372365339579,0.5433940713508111,0.5106846473029045,0.00033881900026244693,0.3420302495638204,0.44648619706281156,0.0,0.5433940713508111,0.5433940713508111,0.8290297937356762,0.8290297937356762,raw_reported_distribution,1,1000,full,shy_privacy_helps,privacy_helps,0.0,0.0,0.0,0.0,0.0,0.0,0.0,0.0,0.0,0.0,0.0,0.0
0.5,854.0,0.7737929002715838,0.15475858005431675,1.0448791714614498,1.1652542372881356,0.0010018129996751668,0.8369302939193541,0.8552972621986135,0.0,1.0448791714614498,1.0448791714614498,1.2648221343873518,1.2648221343873518,baseline_rr_debias,1,1000,full,shy_privacy_helps,privacy_helps,0.0,0.0,0.0,0.0,0.0,0.0,0.0,0.0,0.0,0.0,0.0,0.0
0.5,854.0,0.3602344956606627,0.07204689913213254,0.6139608764961763,0.7220459504060726,0.002503942999737774,0.42492974952161316,0.5039322058945894,0.0,0.6139608764961763,0.6139608764961763,1.0898819445448127,1.0898819445448127,mrp_rr_poststrat,1,1000,full,shy_privacy_helps,privacy_helps,0.0,0.0,0.0,0.0,0.0,0.0,0.0,0.0,0.0,0.0,0.0,0.0
0.5,854.0,0.21500567201518145,0.04300113440303629,0.4648544416248328,0.6342367706322166,0.8762630599999284,0.33232024194365,0.4230264952285761,1.0,0.4648544416248328,0.4648544416248328,0.9384709265133155,0.9384709265133155,mrp_misreport_rr_poststrat,1,1000,full,shy_privacy_helps,privacy_helps,0.0,0.0,0.0,0.0,0.0,0.0,0.0,0.0,0.0,0.0,0.0,0.0
0.5,854.0,0.23249405909071985,0.04649881181814397,0.4842775653353128,0.6450676033343363,0.003293288000350003,0.3427981344902811,0.4297002302698441,0.0,0.4842775653353128,0.4842775653353128,0.951727324166868,0.951727324166868,mrp_learned_misreport_rr_poststrat,1,1000,full,shy_privacy_helps,privacy_helps,0.0,0.0,0.0,0.0,0.0,0.0,0.0,0.0,0.0,0.0,0.0,0.0
0.5,854.0,0.3488733761379259,0.06977467522758518,0.5921296490860655,0.7992860635764584,0.07454407899967919,0.4091179705160153,0.5104627906216331,0.0,0.5921296490860655,0.5921296490860655,1.0138755294001203,1.0138755294001203,neural_rr_mrp,1,1000,full,shy_privacy_helps,privacy_helps,0.0,0.0,0.0,0.0,0.0,0.0,0.0,0.0,0.0,0.0,0.0,0.0
1.0,854.0,0.18809180327868855,0.03761836065573771,0.4463262720182749,0.46876961707470177,0.0003616449998844473,0.2960646187260634,0.38645442724019535,0.0,0.4463262720182749,0.4463262720182749,0.9433155080213904,0.9433155080213904,raw_reported_distribution,1,1000,full,shy_privacy_helps,privacy_helps,0.0,0.0,0.0,0.0,0.0,0.0,0.0,0.0,0.0,0.0,0.0,0.0
1.0,854.0,0.1269541660761785,0.0253908332152357,0.6498591790386175,0.9219885785858917,0.0011785020001298108,0.4137818017004998,0.5346445688411965,0.0,0.6498591790386175,0.6498591790386175,1.154634648970135,0.9309481001784101,baseline_rr_debias,1,1000,full,shy_privacy_helps,privacy_helps,0.0,0.0,0.0,0.0,0.0,0.0,0.0,0.0,0.0,0.0,0.0,0.0
1.0,854.0,0.1548992943495512,0.030979858869910237,0.3970144906231234,0.5686419673604094,0.003918009000244638,0.2960757505685091,0.381969263151288,0.0,0.3970144906231234,0.3970144906231234,0.9355690616337373,0.9355690616337373,mrp_rr_poststrat,1,1000,full,shy_privacy_helps,privacy_helps,0.0,0.0,0.0,0.0,0.0,0.0,0.0,0.0,0.0,0.0,0.0,0.0
1.0,854.0,0.21424705351522338,0.042849410703044676,0.4639940882933827,0.6338070156197533,2.7802740030001587,0.3317138789656503,0.42256662083662666,1.0,0.4639940882933827,0.4639940882933827,0.9383219675631312,0.9383219675631312,mrp_misreport_rr_poststrat,1,1000,full,shy_privacy_helps,privacy_helps,0.0,0.0,0.0,0.0,0.0,0.0,0.0,0.0,0.0,0.0,0.0,0.0
1.0,854.0,0.23117033678719537,0.046234067357439075,0.48286108506497627,0.6435934583900711,0.005886106999696494,0.34191151945840104,0.4288212374516699,0.0,0.48286108506497627,0.48286108506497627,0.9507424340368607,0.9507424340368607,mrp_learned_misreport_rr_poststrat,1,1000,full,shy_privacy_helps,privacy_helps,0.0,0.0,0.0,0.0,0.0,0.0,0.0,0.0,0.0,0.0,0.0,0.0
1.0,854.0,0.19206108872419564,0.038412217744839126,0.44330139753007824,0.6031507876699003,0.10401736899984826,0.30057457413197397,0.39674768979306224,0.0,0.44330139753007824,0.44330139753007824,0.9232987472405423,0.9232987472405423,neural_rr_mrp,1,1000,full,shy_privacy_helps,privacy_helps,0.0,0.0,0.0,0.0,0.0,0.0,0.0,0.0,0.0,0.0,0.0,0.0
2.0,854.0,0.09349601873536305,0.01869920374707261,0.3149394107044063,0.348468069398302,0.0004086420003659441,0.19103671620223017,0.25266253322157617,0.0,0.3149394107044063,0.3149394107044063,0.5147440794499618,0.5147440794499618,raw_reported_distribution,1,1000,full,shy_privacy_helps,privacy_helps,0.0,0.0,0.0,0.0,0.0,0.0,0.0,0.0,0.0,0.0,0.0,0.0
2.0,854.0,0.14041603306657408,0.028083206613314815,0.3863866502559315,0.5230982742419457,0.0012758719999510504,0.2591190505772741,0.3442688809264175,0.0,0.3863866502559315,0.3863866502559315,0.6851686487559179,0.6851686487559179,baseline_rr_debias,1,1000,full,shy_privacy_helps,privacy_helps,0.0,0.0,0.0,0.0,0.0,0.0,0.0,0.0,0.0,0.0,0.0,0.0
2.0,854.0,0.08522726115286354,0.01704545223057271,0.393531045933841,0.5633207837403831,0.0028607969998120097,0.2859311160892248,0.38117615581452846,0.0,0.393531045933841,0.393531045933841,0.8613349825621928,0.8613349825621928,mrp_rr_poststrat,1,1000,full,shy_privacy_helps,privacy_helps,0.0,0.0,0.0,0.0,0.0,0.0,0.0,0.0,0.0,0.0,0.0,0.0
2.0,854.0,0.20773911731451133,0.04154782346290227,0.45746246426304116,0.6278540146253841,1.624954832000185,0.32745428711386215,0.41890490097116934,1.0,0.45746246426304116,0.45746246426304116,0.9331954135967989,0.9331954135967989,mrp_misreport_rr_poststrat,1,1000,full,shy_privacy_helps,privacy_helps,0.0,0.0,0.0,0.0,0.0,0.0,0.0,0.0,0.0,0.0,0.0,0.0
2.0,854.0,0.22426895758798823,0.04485379151759765,0.47588458149164836,0.6382236827458048,0.0034162920001108432,0.3377709093065613,0.42528445640646095,0.0,0.47588458149164836,0.47588458149164836,0.9475157771758584,0.9475157771758584,mrp_learned_misreport_rr_poststrat,1,1000,full,shy_privacy_helps,privacy_helps,0.0,0.0,0.0,0.0,0.0,0.0,0.0,0.0,0.0,0.0,0.0,0.0
2.0,854.0,0.08721717137401137,0.017443434274802275,0.3313195148699444,0.5459549699833125,0.059631351999996696,0.2645185281682026,0.36810033913784784,0.0,0.3313195148699444,0.3313195148699444,0.8494912777580876,0.8494912777580876,neural_rr_mrp,1,1000,full,shy_privacy_helps,privacy_helps,0.0,0.0,0.0,0.0,0.0,0.0,0.0,0.0,0.0,0.0,0.0,0.0
