method,bias,epsilon,n_respondents,n_repetitions,l1_mean,l1_std,max_abs_error_mean,max_abs_error_std
poststratified,moderate,0.25,250,30,0.6379093499340398,0.27297879191480723,0.31895467496701996,0.1364893959574036
poststratified,moderate,0.25,500,30,0.584089928103733,0.26312951002298063,0.2920449640518665,0.13156475501149031
poststratified,moderate,0.25,1000,30,0.3589418730027438,0.18537574492765496,0.1794709365013719,0.09268787246382747
poststratified,moderate,0.25,2000,30,0.3194200130053648,0.17729264997462987,0.1597100065026824,0.08864632498731492
poststratified,moderate,0.5,250,30,0.42508494481918124,0.17007050491506576,0.21254247240959062,0.08503525245753288
poststratified,moderate,0.5,500,30,0.2896656478174821,0.12621746758402635,0.1448328239087411,0.06310873379201319
poststratified,moderate,0.5,1000,30,0.21728417606056985,0.12176695173075071,0.10864208803028493,0.06088347586537535
poststratified,moderate,0.5,2000,30,0.1566143940916801,0.08220948002335166,0.07830719704584006,0.04110474001167582
poststratified,moderate,1.0,250,30,0.21133665278143407,0.13110941171807286,0.10566832639071704,0.06555470585903644
poststratified,moderate,1.0,500,30,0.1499038933789089,0.07668712810314661,0.07495194668945444,0.03834356405157331
poststratified,moderate,1.0,1000,30,0.11767865211972262,0.061566131130426756,0.058839326059861315,0.030783065565213385
poststratified,moderate,1.0,2000,30,0.0792909437990501,0.04019813789010302,0.03964547189952505,0.02009906894505152
poststratified,moderate,2.0,250,30,0.11759820641327125,0.057224453353293965,0.05879910320663562,0.02861222667664699
poststratified,moderate,2.0,500,30,0.08252147813968061,0.04259828354799781,0.0412607390698403,0.021299141773998907
poststratified,moderate,2.0,1000,30,0.06332896597321841,0.025530423232151184,0.0316644829866092,0.012765211616075602
poststratified,moderate,2.0,2000,30,0.03951348027271807,0.014845537291225328,0.019756740136359016,0.007422768645612649
poststratified,none,0.25,250,30,0.6472358265069308,0.2971919951139249,0.3236179132534654,0.14859599755696246
poststratified,none,0.25,500,30,0.49088204505859945,0.27138811910575583,0.24544102252929972,0.13569405955287792
poststratified,none,0.25,1000,30,0.37980680831579205,0.19628084523421302,0.18990340415789603,0.09814042261710651
poststratified,none,0.25,2000,30,0.24242713910365823,0.13432805804024822,0.12121356955182912,0.06716402902012411
poststratified,none,0.5,250,30,0.3117025387614903,0.14350403047651822,0.15585126938074514,0.07175201523825911
poststratified,none,0.5,500,30,0.2710414339345148,0.1134244432381954,0.1355207169672574,0.05671222161909769
poststratified,none,0.5,1000,30,0.1716841637295021,0.10071108181636974,0.08584208186475104,0.05035554090818487
poststratified,none,0.5,2000,30,0.14838820177970632,0.08458172708427537,0.07419410088985316,0.042290863542137694
poststratified,none,1.0,250,30,0.22417653653395825,0.10216224248805753,0.11208826826697911,0.051081121244028756
poststratified,none,1.0,500,30,0.11979578076218035,0.06297254979546914,0.05989789038109018,0.03148627489773457
poststratified,none,1.0,1000,30,0.07965817562006086,0.05165979266766364,0.039829087810030445,0.02582989633383182
poststratified,none,1.0,2000,30,0.06725453658633433,0.0415045542411785,0.033627268293167166,0.020752277120589257
poststratified,none,2.0,250,30,0.1036373271350027,0.06221927542686879,0.05181866356750137,0.031109637713434397
poststratified,none,2.0,500,30,0.06824883997675048,0.032532553178432996,0.03412441998837525,0.016266276589216495
poststratified,none,2.0,1000,30,0.057064291063014756,0.03209274872248775,0.02853214553150738,0.016046374361243867
poststratified,none,2.0,2000,30,0.036201390728630746,0.020952814553575314,0.018100695364315376,0.010476407276787645
poststratified,strong,0.25,250,30,0.8294248549190685,0.31855148672084005,0.41471242745953424,0.15927574336042
poststratified,strong,0.25,500,30,0.7039992678236753,0.2631359998083014,0.35199963391183764,0.13156799990415066
poststratified,strong,0.25,1000,30,0.5041712691661778,0.23336083576637748,0.2520856345830889,0.11668041788318874
poststratified,strong,0.25,2000,30,0.43105971056174075,0.15440141431466053,0.21552985528087037,0.07720070715733025
poststratified,strong,0.5,250,30,0.5226447680712434,0.2428083282936331,0.2613223840356217,0.12140416414681654
poststratified,strong,0.5,500,30,0.3588044394264692,0.196051101159278,0.1794022197132346,0.09802555057963899
poststratified,strong,0.5,1000,30,0.3013594287788745,0.11903838287254662,0.15067971438943725,0.05951919143627332
poststratified,strong,0.5,2000,30,0.19753945036626808,0.11028810849037719,0.09876972518313402,0.05514405424518859
poststratified,strong,1.0,250,30,0.3155420366047122,0.1817190276395748,0.1577710183023561,0.0908595138197874
poststratified,strong,1.0,500,30,0.2541642542570089,0.13095126840199764,0.12708212712850445,0.06547563420099882
poststratified,strong,1.0,1000,30,0.14335887414984114,0.06948665024920049,0.07167943707492057,0.03474332512460025
poststratified,strong,1.0,2000,30,0.10388139605195318,0.05140403528589259,0.05194069802597659,0.025702017642946287
poststratified,strong,2.0,250,30,0.1754898264101953,0.08650881508351677,0.08774491320509764,0.04325440754175838
poststratified,strong,2.0,500,30,0.09851984549054975,0.06312326630905556,0.04925992274527487,0.031561633154527764
poststratified,strong,2.0,1000,30,0.08524415806474779,0.04326939596965072,0.04262207903237389,0.021634697984825365
poststratified,strong,2.0,2000,30,0.05950756098191074,0.025926296064103477,0.02975378049095537,0.012963148032051735
raw_frequencies,moderate,0.25,250,30,0.27270000000000005,0.04973249128743872,0.13635,0.02486624564371937
raw_frequencies,moderate,0.25,500,30,0.2596666666666667,0.03870073806062078,0.12983333333333333,0.019350369030310392
raw_frequencies,moderate,0.25,1000,30,0.26080000000000003,0.026031015982927896,0.1304,0.01301550799146396
raw_frequencies,moderate,0.25,2000,30,0.2654333333333334,0.01970066222120523,0.13271666666666668,0.009850331110602625
raw_frequencies,moderate,0.5,250,30,0.23210000000000006,0.05101815092825229,0.11605,0.025509075464126153
raw_frequencies,moderate,0.5,500,30,0.2303333333333334,0.04282871525711122,0.11516666666666667,0.021414357628555612
raw_frequencies,moderate,0.5,1000,30,0.2296666666666667,0.030342110641168648,0.11483333333333333,0.015171055320584326
raw_frequencies,moderate,0.5,2000,30,0.23910000000000006,0.02321615073978487,0.11955,0.011608075369892449
raw_frequencies,moderate,1.0,250,30,0.19563333333333338,0.053147474286070306,0.09781666666666668,0.026573737143035164
raw_frequencies,moderate,1.0,500,30,0.1857333333333334,0.03859152429130568,0.09286666666666667,0.019295762145652838
raw_frequencies,moderate,1.0,1000,30,0.1862333333333334,0.027822941827815806,0.09311666666666667,0.013911470913907893
raw_frequencies,moderate,1.0,2000,30,0.1788000000000001,0.015658863304850695,0.08940000000000001,0.007829431652425344
raw_frequencies,moderate,2.0,250,30,0.14683333333333337,0.04423454987110019,0.07341666666666669,0.022117274935550105
raw_frequencies,moderate,2.0,500,30,0.1264,0.04003067789100995,0.06320000000000005,0.02001533894550498
raw_frequencies,moderate,2.0,1000,30,0.12280000000000003,0.024790710162172193,0.06140000000000004,0.012395355081086103
raw_frequencies,moderate,2.0,2000,30,0.11966666666666669,0.02430032401278709,0.059833333333333384,0.01215016200639355
raw_frequencies,none,0.25,250,30,0.2719000000000001,0.05441497638676703,0.13595,0.02720748819338352
raw_frequencies,none,0.25,500,30,0.2708666666666667,0.045531143819052745,0.13543333333333332,0.022765571909526373
raw_frequencies,none,0.25,1000,30,0.2591333333333334,0.02627668867677379,0.12956666666666666,0.013138344338386908
raw_frequencies,none,0.25,2000,30,0.2678666666666667,0.018117877118039177,0.13393333333333332,0.009058938559019594
raw_frequencies,none,0.5,250,30,0.24313333333333337,0.04159221854720137,0.12156666666666666,0.020796109273600684
raw_frequencies,none,0.5,500,30,0.2327333333333334,0.03969446529067552,0.11636666666666667,0.019847232645337755
raw_frequencies,none,0.5,1000,30,0.2312666666666667,0.029043289133260375,0.11563333333333332,0.014521644566630191
raw_frequencies,none,0.5,2000,30,0.23626666666666674,0.02252651056335445,0.11813333333333333,0.011263255281677235
raw_frequencies,none,1.0,250,30,0.2022666666666667,0.049977190199428825,0.10113333333333334,0.024988595099714413
raw_frequencies,none,1.0,500,30,0.1887333333333334,0.03364616423630026,0.09436666666666667,0.016823082118150128
raw_frequencies,none,1.0,1000,30,0.18296666666666675,0.02577152041242068,0.09148333333333333,0.012885760206210328
raw_frequencies,none,1.0,2000,30,0.19080000000000005,0.017883531241205466,0.0954,0.008941765620602728
raw_frequencies,none,2.0,250,30,0.10760000000000002,0.04594494456449461,0.05380000000000001,0.022972472282247306
raw_frequencies,none,2.0,500,30,0.09566666666666672,0.03622661750829016,0.047833333333333346,0.018113308754145074
raw_frequencies,none,2.0,1000,30,0.10116666666666671,0.032430385212906004,0.050583333333333334,0.016215192606452985
raw_frequencies,none,2.0,2000,30,0.09236666666666671,0.017590129154675387,0.04618333333333333,0.008795064577337688
raw_frequencies,strong,0.25,250,30,0.27183333333333337,0.06494829950965156,0.13591666666666666,0.03247414975482578
raw_frequencies,strong,0.25,500,30,0.2655333333333334,0.04159221854720136,0.13276666666666667,0.020796109273600684
raw_frequencies,strong,0.25,1000,30,0.27486666666666676,0.030796029002110814,0.13743333333333335,0.015398014501055407
raw_frequencies,strong,0.25,2000,30,0.26376666666666676,0.019937286733626793,0.13188333333333332,0.009968643366813398
raw_frequencies,strong,0.5,250,30,0.2346333333333334,0.07006769304890381,0.11731666666666668,0.0350338465244519
raw_frequencies,strong,0.5,500,30,0.2329666666666667,0.042067665798652606,0.11648333333333333,0.021033832899326307
raw_frequencies,strong,0.5,1000,30,0.2346666666666667,0.025949996124288242,0.11733333333333333,0.012974998062144125
raw_frequencies,strong,0.5,2000,30,0.22573333333333337,0.016364244735004623,0.11286666666666666,0.008182122367502317
raw_frequencies,strong,1.0,250,30,0.2030666666666667,0.05098812122197803,0.10153333333333335,0.025494060610989015
raw_frequencies,strong,1.0,500,30,0.20893333333333336,0.0393892452793673,0.1044666666666667,0.019694622639683666
raw_frequencies,strong,1.0,1000,30,0.1816333333333334,0.021446779893869655,0.0908166666666667,0.010723389946934824
raw_frequencies,strong,1.0,2000,30,0.18293333333333336,0.019078663535448445,0.09146666666666668,0.009539331767724233
raw_frequencies,strong,2.0,250,30,0.18820000000000003,0.05671003073713589,0.09410000000000004,0.028355015368567937
raw_frequencies,strong,2.0,500,30,0.17876666666666668,0.03736648261461742,0.08938333333333337,0.018683241307308706
raw_frequencies,strong,2.0,1000,30,0.1894,0.03751652509458217,0.09470000000000003,0.018758262547291085
raw_frequencies,strong,2.0,2000,30,0.1849,0.0207420113413034,0.09245000000000002,0.010371005670651702
rr_debiased,moderate,0.25,250,30,0.6685220873772627,0.2517976173712566,0.33426104368863135,0.1258988086856283
rr_debiased,moderate,0.25,500,30,0.5466366643124769,0.2861240479634046,0.27331833215623846,0.14306202398170234
rr_debiased,moderate,0.25,1000,30,0.36285348026220504,0.1585619689004489,0.18142674013110247,0.07928098445022447
rr_debiased,moderate,0.25,2000,30,0.3365976232680633,0.14541497827060626,0.16829881163403165,0.07270748913530314
rr_debiased,moderate,0.5,250,30,0.3725737078226933,0.19691579958967914,0.18628685391134667,0.09845789979483958
rr_debiased,moderate,0.5,500,30,0.27225771199627846,0.10738825880313929,0.13612885599813923,0.05369412940156965
rr_debiased,moderate,0.5,1000,30,0.23572784019772497,0.11002211979658293,0.1178639200988625,0.05501105989829147
rr_debiased,moderate,0.5,2000,30,0.18219324948038287,0.09364252519267935,0.09109662474019144,0.04682126259633967
rr_debiased,moderate,1.0,250,30,0.2352659064877746,0.13403076810912115,0.1176329532438873,0.06701538405456058
rr_debiased,moderate,1.0,500,30,0.17072580702252954,0.09320635970088388,0.08536290351126477,0.046603179850441954
rr_debiased,moderate,1.0,1000,30,0.14869538212129244,0.04869388054675869,0.07434769106064622,0.024346940273379334
rr_debiased,moderate,1.0,2000,30,0.12143757052995816,0.05396653011893774,0.060718785264979064,0.026983265059468874
rr_debiased,moderate,2.0,250,30,0.1668887860214891,0.07127196659577303,0.08344439301074455,0.03563598329788651
rr_debiased,moderate,2.0,500,30,0.13189480978934096,0.05798065254726889,0.06594740489467048,0.02899032627363446
rr_debiased,moderate,2.0,1000,30,0.12896553890090098,0.05348701833754309,0.06448276945045049,0.026743509168771544
rr_debiased,moderate,2.0,2000,30,0.12350765947665149,0.025028495417174362,0.06175382973832574,0.01251424770858716
rr_debiased,none,0.25,250,30,0.6243720212541601,0.2642721984613337,0.31218601062708007,0.13213609923066688
rr_debiased,none,0.25,500,30,0.4762500445672802,0.26091107426694593,0.23812502228364008,0.13045553713347297
rr_debiased,none,0.25,1000,30,0.37995978029348537,0.19188433933728088,0.18997989014674269,0.09594216966864043
rr_debiased,none,0.25,2000,30,0.24366538385325057,0.13659077501241457,0.12183269192662527,0.06829538750620728
rr_debiased,none,0.5,250,30,0.30808745557971057,0.14340190998265273,0.15404372778985528,0.07170095499132635
rr_debiased,none,0.5,500,30,0.2707496690111583,0.11933983134297217,0.13537483450557916,0.05966991567148608
rr_debiased,none,0.5,1000,30,0.17170611437010122,0.10415875505372883,0.08585305718505061,0.052079377526864416
rr_debiased,none,0.5,2000,30,0.15047548073833064,0.08461100086594624,0.07523774036916532,0.042305500432973105
rr_debiased,none,1.0,250,30,0.22431348049080171,0.10060455723816111,0.11215674024540086,0.050302278619080536
rr_debiased,none,1.0,500,30,0.11053425778428758,0.06444933214222298,0.055267128892143795,0.0322246660711115
rr_debiased,none,1.0,1000,30,0.08070554019016986,0.04817065381993117,0.040352770095084915,0.024085326909965583
rr_debiased,none,1.0,2000,30,0.06637327392378603,0.04086324261514854,0.033186636961893015,0.02043162130757427
rr_debiased,none,2.0,250,30,0.10539347941342699,0.06764206864015769,0.052696739706713486,0.03382103432007883
rr_debiased,none,2.0,500,30,0.07030955231778499,0.0326201330736947,0.0351547761588925,0.01631006653684735
rr_debiased,none,2.0,1000,30,0.05752676999986813,0.033372903663871564,0.028763384999934066,0.016686451831935782
rr_debiased,none,2.0,2000,30,0.03528067116384215,0.02036191353695157,0.01764033558192108,0.010180956768475788
rr_debiased,strong,0.25,250,30,0.6713716809296003,0.3129511304913332,0.3356858404648001,0.1564755652456666
rr_debiased,strong,0.25,500,30,0.5306311657606868,0.2717393195203623,0.2653155828803434,0.13586965976018114
rr_debiased,strong,0.25,1000,30,0.45627854367439,0.225779558236923,0.228139271837195,0.1128897791184615
rr_debiased,strong,0.25,2000,30,0.38330663968271395,0.17630446038653666,0.19165331984135697,0.08815223019326833
rr_debiased,strong,0.5,250,30,0.4700947635300138,0.19505612113282497,0.2350473817650069,0.09752806056641249
rr_debiased,strong,0.5,500,30,0.34268741175229767,0.14571529181115664,0.17134370587614883,0.07285764590557833
rr_debiased,strong,0.5,1000,30,0.36065843188934543,0.15936181477236658,0.1803292159446727,0.07968090738618329
rr_debiased,strong,0.5,2000,30,0.24314589985265872,0.08881642053331137,0.12157294992632936,0.04440821026665568
rr_debiased,strong,1.0,250,30,0.32316479209085464,0.13170039361675606,0.16158239604542732,0.06585019680837802
rr_debiased,strong,1.0,500,30,0.28447526116270605,0.13336862761420226,0.14223763058135303,0.06668431380710112
rr_debiased,strong,1.0,1000,30,0.24032258544796728,0.07699445761366774,0.12016129272398363,0.03849722880683387
rr_debiased,strong,1.0,2000,30,0.2323183032249313,0.04555780476109473,0.11615915161246564,0.022778902380547358
rr_debiased,strong,2.0,250,30,0.2428859082658865,0.0889752889550672,0.12144295413294327,0.044487644477533596
rr_debiased,strong,2.0,500,30,0.23745648034951708,0.061000483367368456,0.11872824017475851,0.030500241683684225
rr_debiased,strong,2.0,1000,30,0.24412793746020586,0.05490094107727322,0.12206396873010292,0.027450470538636605
rr_debiased,strong,2.0,2000,30,0.23366409424394974,0.03223314295696565,0.11683204712197487,0.016116571478482822
